,index,Unnamed: 0,dens,ener,ID,sg,dma_dens,dma_ener,f_ener,f_dens,E_idx
0,668,0,1.2352782,-138.997,669,P6122,1.2681,-152.8155,-3.4,1.2894,1
1,5,5,1.2506536,-144.7553,6,P-1,1.2883,-166.2228,-0.1,1.2553,2
2,0,0,1.2638610000000001,-145.5173,1,P-1,1.2882,-166.1914,0.0,1.2553,3
3,4,4,1.250665,-144.7573,5,P21/c,1.2882,-166.2071,-0.0,1.2547,4
4,10,10,1.2649603,-143.9518,11,P21/c,1.307,-164.1138,1.7,1.2728,5
5,15,15,1.2948995,-143.4193,16,P21/c,1.3376,-163.0182,2.1,1.2957,6
6,17,17,1.2938108,-143.053,18,P21/c,1.3369,-162.5127,2.8,1.2917,7
7,35,35,1.2509071000000003,-140.19589,36,P212121,1.2935,-162.0311,3.5,1.2634,8
8,39,39,1.258207,-139.6646,40,P21/c,1.296,-161.3807,3.9,1.26,9
9,2,2,1.3074925,-145.1599,3,P212121,1.3434,-162.8619,4.4,1.2875,10
10,8,8,1.3038167999999999,-144.7079,9,P21,1.3407,-162.6225,4.4,1.2852,11
11,25,25,1.283915,-141.8325,26,C2/c,1.3185,-158.5743,5.3,1.2831,12
12,94,94,1.230831,-136.018,95,P212121,1.2724,-160.5402,5.7,1.2446,13
13,54,54,1.2522895,-138.5673,55,P21/c,1.2876,-160.6538,5.7,1.256,14
14,93,93,1.2308077,-136.0904,94,P212121,1.2724,-160.5625,5.8,1.2445,15
15,12,12,1.2692598999999998,-143.7583,13,P-1,1.3056,-157.2957,6.2,1.2699,16
16,43,43,1.2510388000000001,-139.3668,44,P21/c,1.2873,-160.358,6.3,1.2526,17
17,23,23,1.2895969999999999,-142.4343,24,P21/c,1.3274,-157.0185,6.3,1.2811,18
18,67,67,1.2565766999999999,-137.8047,68,Pca21,1.2914,-159.2071,6.9,1.257,19
19,19,19,1.2813809999999999,-142.9946,20,P21/c,1.3103,-156.596,7.1,1.2749,20
20,18,18,1.2825438999999998,-143.0364,19,P-1,1.3154,-155.1694,7.4,1.2765,21
21,46,46,1.2457711999999999,-138.623,47,P21/c,1.2706,-151.5449,7.9,1.2514,22
22,107,107,1.2257698000000001,-135.3492,108,C2/c,1.2534,-152.9964,8.1,1.2335,23
23,26,26,1.2933514,-141.6961,27,P21/c,1.3281,-158.0904,8.2,1.2796,24
24,134,134,1.2398931,-134.4585,135,P21,1.2726,-159.048,8.5,1.2454,25
25,172,172,1.235101,-133.5738,173,Pna21,1.2723,-157.1939,8.7,1.2521,26
26,29,29,1.2795671999999998,-141.34799999999998,30,P21/c,1.3096,-153.5769,9.3,1.2705,27
27,231,231,1.2856992,-131.9834,232,P21/c,1.3329,-154.1561,10.0,1.2809,28
28,55,55,1.2814887,-138.5644,56,Pccn,1.3161,-153.2483,10.3,1.2716,29
29,31,31,1.2669169,-140.721,32,P21/c,1.3052,-156.0736,10.5,1.262,30
30,140,140,1.2656158000000002,-134.2199,141,P212121,1.3024,-152.4151,10.7,1.2678,31
31,176,176,1.2303654,-133.3335,177,P21/c,1.2668,-156.307,10.9,1.2374,32
32,75,75,1.2718649,-137.1996,76,P21/c,1.3087,-152.2584,11.4,1.2785,33
33,66,66,1.2631756,-137.851,67,Pca21,1.2972,-153.4317,12.4,1.2612,34
34,114,114,1.2329736999999998,-135.273,115,C2/c,1.2685,-154.447,12.7,1.2298,35
35,194,194,1.2314329,-132.8166,195,Pc,1.2628,-153.8595,13.2,1.2307,36
36,175,175,1.2401537,-133.3431,176,P-1,1.2698,-151.7669,14.1,1.2413,37
37,64,64,1.2765508999999997,-138.1658,65,P212121,1.3126,-152.5964,15.6,1.2657,38
38,1,1,1.2637041,-145.4125,2,P-1,1.2882,-166.1942,,,39
39,3,3,1.3074232,-145.0993,4,P212121,1.3434,-162.8642,,,40
40,6,6,1.2506618,-144.7547,7,P21/c,1.2881,-166.2097,,,41
41,7,7,1.2506483999999998,-144.7543,8,Cc,1.2882,-166.209,,,42
42,9,9,1.30378,-144.7054,10,P21,1.3406,-162.6249,,,43
43,11,11,1.2646722,-143.9185,12,P21/c,1.307,-164.1079,,,44
44,13,13,1.2746034,-143.7583,14,P-1,1.3057,-157.2771,,,45
45,14,14,1.27441,-143.6779,15,P-1,1.3057,-157.2623,,,46
46,16,16,1.2950388000000002,-143.4149,17,P21/c,1.3376,-163.0253,,,47
47,20,20,1.2938247999999999,-142.9829,21,P21/c,1.3368,-162.499,,,48
48,21,21,1.2811803,-142.9757,22,P21/c,1.3103,-156.5912,,,49
49,22,22,1.2823398000000001,-142.8659,23,P-1,1.3154,-155.1616,,,50
50,24,24,1.2893149,-142.3471,25,P21/c,1.3274,-157.0034,,,51
51,27,27,1.2835319,-141.6187,28,C2/c,1.3185,-158.5221,,,52
52,28,28,1.2932643999999998,-141.5868,29,P21/c,1.3281,-158.0846,,,53
53,30,30,1.2793704,-141.3224,31,P21/c,1.3095,-153.5669,,,54
54,32,32,1.2668306999999999,-140.6207,33,P21/c,1.3052,-156.0592,,,55
55,33,33,1.2783303999999998,-140.373,34,P21/c,1.3233,-158.1154,,,56
56,34,34,1.278022,-140.3078,35,P21/c,1.3234,-158.115,,,57
57,36,36,1.2506073,-140.0665,37,P212121,1.2935,-162.0343,,,58
58,37,37,1.2767323,-139.8352,38,Pbca,1.3138,-156.6472,,,59
59,38,38,1.2765355,-139.8147,39,Pbca,1.3139,-156.643,,,60
60,40,40,1.2581706,-139.5978,41,P21/c,1.2958,-161.3448,,,61
61,41,41,1.267454,-139.5414,42,Pbca,1.2869,-150.9889,,,62
62,42,42,1.2674040000000002,-139.4677,43,Pbca,1.2869,-151.0066,,,63
63,44,44,1.250765,-139.3283,45,P21/c,1.2872,-160.353,,,64
64,45,45,1.2726817,-138.6364,46,C2/c,1.2991,-148.7766,,,65
65,47,47,1.2726038999999998,-138.6223,48,C2/c,1.2992,-148.7737,,,66
66,48,48,1.272707,-138.6141,49,Pbca,1.2897,-149.3646,,,67
67,49,49,1.2727543,-138.6136,50,C2/c,1.2991,-148.783,,,68
68,50,50,1.2727163000000001,-138.612,51,Iba2,1.2993,-148.7869,,,69
69,51,51,1.2456976,-138.6119,52,P21/c,1.2706,-151.5614,,,70
70,52,52,1.2726811000000002,-138.611,53,C2/c,1.2993,-148.784,,,71
71,53,53,1.2727118999999998,-138.6109,54,Iba2,1.2993,-148.7891,,,72
72,56,56,1.2521353000000002,-138.5312,57,P21/c,1.2877,-160.6618,,,73
73,57,57,1.2812726,-138.4909,58,Pccn,1.316,-153.2421,,,74
74,58,58,1.2668225,-138.3873,59,Pbca,1.2995,-153.299,,,75
75,59,59,1.2667496,-138.3588,60,Pbca,1.2993,-153.2776,,,76
76,60,60,1.2726061000000002,-138.2599,61,Cc,1.2814,-148.8255,,,77
77,61,61,1.2725886999999998,-138.2597,62,P21/c,1.2817,-148.9104,,,78
78,62,62,1.2725781,-138.2583,63,P21/c,1.2817,-148.9095,,,79
79,63,63,1.2725958,-138.2582,64,P-1,1.2819,-148.899,,,80
80,65,65,1.2764136000000001,-138.0272,66,P212121,1.3127,-152.6215,,,81
81,68,68,1.2550895,-137.7921,69,Pna21,1.2913,-159.2054,,,82
82,69,69,1.2552511999999998,-137.7891,70,Pca21,1.2913,-159.2031,,,83
83,70,70,1.263032,-137.7245,71,Pca21,1.2971,-153.4022,,,84
84,71,71,1.2334838,-137.7046,72,C2/c,1.2632,-150.2742,,,85
85,72,72,1.2335764999999999,-137.60738,73,C2/c,1.2633,-150.2725,,,86
86,73,73,1.256404,-137.2451,74,C2/c,1.2868,-151.0539,,,87
87,74,74,1.2563349,-137.2143,75,C2/c,1.2869,-151.0782,,,88
88,76,76,1.2716368,-137.18200000000002,77,P21/c,1.3086,-152.2388,,,89
89,77,77,1.2700543,-137.1569,78,P21/c,1.3087,-152.2625,,,90
90,78,78,1.270096,-137.1532,79,P21/c,1.3086,-152.2326,,,91
91,79,79,1.2572134,-136.9065,80,P21/c,1.2914,-152.262,,,92
92,80,80,1.2570705,-136.8962,81,P21/c,1.2913,-152.2396,,,93
93,81,81,1.2690738000000001,-136.861,82,P21/c,1.3012,-148.9043,,,94
94,82,82,1.2691251000000001,-136.7646,83,P21/c,1.3013,-148.9272,,,95
95,83,83,1.256882,-136.6805,84,C2/c,1.2922,-150.9711,,,96
96,84,84,1.2564126,-136.6162,85,C2/c,1.2833,-148.8038,,,97
97,85,85,1.2562503999999999,-136.5674,86,C2/c,1.2833,-148.8082,,,98
98,86,86,1.2648233999999998,-136.5288,87,P21/c,1.3007,-149.5153,,,99
99,87,87,1.2566613000000002,-136.5184,88,C2/c,1.292,-150.9363,,,100
100,88,88,1.2647207,-136.4481,89,P21/c,1.3007,-149.5065,,,101
101,89,89,1.2678943999999999,-136.3015,90,P21/c,1.3087,-152.2607,,,102
102,90,90,1.2474908000000002,-136.286,91,P-1,1.258,-148.6886,,,103
103,91,91,1.2678285,-136.2131,92,P21/c,1.3086,-152.2302,,,104
104,92,92,1.2473159,-136.1994,93,P-1,1.2581,-148.6945,,,105
105,95,95,1.2465013999999999,-135.8507,96,P21/c,1.2777,-150.2227,,,106
106,96,96,1.2628173999999999,-135.8415,97,P21/c,1.2939,-146.1154,,,107
107,97,97,1.2465235000000001,-135.8152,98,P21/c,1.2777,-150.2298,,,108
108,98,98,1.2626798000000001,-135.6885,99,P21/c,1.2937,-146.1007,,,109
109,99,99,1.2581586,-135.63,100,C2/c,1.2873,-144.7932,,,110
110,100,100,1.2512953000000002,-135.6064,101,C2/c,1.2864,-145.8015,,,111
111,101,101,1.25127,-135.5617,102,C2/c,1.2861,-145.734,,,112
112,102,102,1.2495889999999998,-135.5167,103,C2/c,1.2796,-153.6323,,,113
113,103,103,1.2579383999999998,-135.5119,104,C2/c,1.2873,-144.7746,,,114
114,104,104,1.2685915,-135.4799,105,P21/c,1.2926,-148.0605,,,115
115,105,105,1.2686288000000001,-135.4505,106,P21/c,1.2925,-148.0562,,,116
116,106,106,1.2489475,-135.4413,107,C2/c,1.2797,-153.6512,,,117
117,108,108,1.2389722,-135.3361,109,P21/c,1.2724,-157.2209,,,118
118,109,109,1.2389851,-135.3356,110,Pna21,1.2724,-157.218,,,119
119,110,110,1.2389867,-135.3353,111,Pna21,1.2724,-157.2186,,,120
120,111,111,1.2389847999999999,-135.3352,112,P21/c,1.2724,-157.217,,,121
121,112,112,1.2660538000000001,-135.3247,113,Pbca,1.2985,-148.7176,,,122
122,113,113,1.2255584,-135.3033,114,C2/c,1.2532,-152.9694,,,123
123,115,115,1.2331436000000002,-135.2654,116,C2/c,1.2686,-154.4567,,,124
124,116,116,1.2659597,-135.2569,117,Pbca,1.2985,-148.7167,,,125
125,117,117,1.2560635,-135.2332,118,P21/c,1.2706,-146.2994,,,126
126,118,118,1.2100223,-135.11398,119,Pbca,1.2445,-153.4699,,,127
127,119,119,1.2315856,-135.0562,120,P21/c,1.2721,-156.1226,,,128
128,120,120,1.2443995,-135.0432,121,P21/c,1.2775,-153.3446,,,129
129,121,121,1.2098345,-135.0416,122,Pbca,1.2445,-153.4524,,,130
130,122,122,1.255595,-135.03249,123,P21/c,1.2705,-146.2983,,,131
131,123,123,1.2639668,-134.9981,124,P-1,1.3012,-151.4646,,,132
132,124,124,1.2443752000000001,-134.9808,125,P21/c,1.2775,-153.3427,,,133
133,125,125,1.2313316,-134.8841,126,P21/c,1.2721,-156.1011,,,134
134,126,126,1.2632676,-134.8274,127,P-1,1.3011,-151.4578,,,135
135,127,127,1.2583327,-134.7085,128,P21/c,1.2835,-147.662,,,136
136,128,128,1.2584327,-134.6538,129,P21/c,1.2834,-147.6289,,,137
137,129,129,1.2612558999999999,-134.611,130,Aba2,1.2861,-144.1263,,,138
138,130,130,1.2502403,-134.5674,131,C2/c,1.2898,-150.5958,,,139
139,131,131,1.2502118,-134.5618,132,C2/c,1.2896,-150.5739,,,140
140,132,132,1.2610515,-134.5047,133,Aba2,1.2861,-144.1162,,,141
141,133,133,1.2716649,-134.4698,134,P21/c,1.3009,-144.0325,,,142
142,135,135,1.2390698,-134.4428,136,P21,1.2727,-159.0504,,,143
143,136,136,1.2568796999999998,-134.4046,137,P21/c,1.291,-149.3575,,,144
144,137,137,1.2718377,-134.3488,138,P21/c,1.3038,-144.0294,,,145
145,138,138,1.2565814,-134.3149,139,P21/c,1.2909,-149.3607,,,146
146,139,139,1.2463203999999999,-134.2742,140,C2/c,1.2844,-149.2347,,,147
147,141,141,1.2464787,-134.211,142,C2/c,1.2844,-149.2717,,,148
148,142,142,1.2656020000000001,-134.2032,143,C2/c,1.2926,-142.3261,,,149
149,143,143,1.2534646999999999,-134.1851,144,Pbca,1.2994,-153.294,,,150
150,144,144,1.226294,-134.1728,145,P21/c,1.2958,-161.3486,,,151
151,145,145,1.2262453000000002,-134.16048999999998,146,P21/c,1.296,-161.3857,,,152
152,146,146,1.2534337,-134.1123,147,Pbca,1.2993,-153.2839,,,153
153,147,147,1.2333173000000002,-134.0601,148,P21/c,1.2706,-150.7817,,,154
154,148,148,1.2443513000000002,-134.0569,149,P21/c,1.2752,-148.5419,,,155
155,149,149,1.2653805,-134.0567,150,C2/c,1.2925,-142.3097,,,156
156,150,150,1.2573085,-134.0566,151,PBCN,1.2981,-148.7525,,,157
157,151,151,1.2574418,-134.0553,152,PBCN,1.298,-148.7524,,,158
158,152,152,1.2651495000000001,-134.0421,153,P212121,1.3024,-152.4257,,,159
159,153,153,1.2447306999999999,-134.013,154,C2/c,1.3185,-158.5717,,,160
160,154,154,1.2428056,-133.9907,155,P-1,1.3011,-151.4518,,,161
161,155,155,1.2443242,-133.9821,156,P21/c,1.2753,-148.5282,,,162
162,156,156,1.263819,-133.9662,157,P21/c,1.2984,-148.2611,,,163
163,157,157,1.2639225,-133.942,158,P21/c,1.2985,-148.2748,,,164
164,158,158,1.2350011,-133.9004,159,P21/c,1.2703,-145.4611,,,165
165,159,159,1.2296036,-133.8677,160,P21,1.2721,-158.9918,,,166
166,160,160,1.2445066999999999,-133.8551,161,C2/c,1.3185,-158.5538,,,167
167,161,161,1.2331363000000002,-133.8544,162,P21/c,1.2704,-150.7592,,,168
168,162,162,1.2564514999999998,-133.8507,163,C2/c,1.2854,-147.1208,,,169
169,163,163,1.2299912,-133.82399999999998,164,P-1,1.2706,-148.365,,,170
170,164,164,1.2369169,-133.8231,165,PBCN,1.2688,-146.3567,,,171
171,165,165,1.2367961,-133.814,166,PBCN,1.2689,-146.3518,,,172
172,166,166,1.2563826,-133.7731,167,C2/c,1.2854,-147.1016,,,173
173,167,167,1.2351431000000002,-133.7698,168,P21/c,1.2704,-145.4732,,,174
174,168,168,1.2305385,-133.7682,169,P-1,1.2706,-148.3708,,,175
175,169,169,1.269872,-133.6965,170,Pna21,1.3018,-149.1373,,,176
176,170,170,1.223249,-133.632,171,P21/c,1.2518,-146.1537,,,177
177,171,171,1.2233851999999998,-133.609,172,P21/c,1.2519,-146.1598,,,178
178,173,173,1.2349839,-133.5251,174,Pna21,1.2723,-157.1943,,,179
179,174,174,1.2694386999999998,-133.4738,175,Pna21,1.3018,-149.1457,,,180
180,177,177,1.2305325,-133.3292,178,P21/c,1.2668,-156.3116,,,181
181,178,178,1.2296021000000001,-133.3019,179,P21/c,1.273,-156.057,,,182
182,179,179,1.2401732,-133.3018,180,P-1,1.27,-151.7953,,,183
183,180,180,1.2522049,-133.2539,181,C2/c,1.2906,-148.0891,,,184
184,181,181,1.2522165,-133.2382,182,C2/c,1.2907,-148.0829,,,185
185,182,182,1.2292998,-133.2236,183,P21/c,1.273,-156.0575,,,186
186,183,183,1.2452656000000002,-133.1837,184,C2/c,1.2833,-148.6498,,,187
187,184,184,1.2459615,-133.1725,185,C2/c,1.3185,-158.5259,,,188
188,185,185,1.2496146000000001,-133.1018,186,C2/c,1.2833,-148.6478,,,189
189,186,186,1.2587538,-133.0934,187,P21/c,1.2984,-148.2481,,,190
190,187,187,1.2588271,-133.0929,188,P21/c,1.2985,-148.2596,,,191
191,188,188,1.2445877,-133.0317,189,C2/c,1.2833,-148.6568,,,192
192,189,189,1.260383,-132.9959,190,C2,1.2954,-145.4528,,,193
193,190,190,1.2493186,-132.9129,191,C2/c,1.2833,-148.6491,,,194
194,191,191,1.2471899,-132.8951,192,Pbca,1.2744,-147.4429,,,195
195,192,192,1.2597728000000001,-132.8477,193,Pna21,1.296,-148.1746,,,196
196,193,193,1.2597921,-132.8171,194,Pna21,1.296,-148.1612,,,197
197,195,195,1.231419,-132.8163,196,P21/c,1.2625,-153.7738,,,198
198,196,196,1.2314326,-132.8159,197,P2/c,1.2625,-153.7738,,,199
199,197,197,1.2314357,-132.8153,198,C2/c,1.2625,-153.7926,,,200
200,198,198,1.2314365,-132.8145,199,P2/c,1.2625,-153.7738,,,201
201,199,199,1.2314332000000001,-132.8141,200,C2/c,1.2625,-153.7917,,,202
202,200,200,1.2389973,-132.786,201,C2/c,1.2646,-144.4611,,,203
203,201,201,1.2560841999999999,-132.7811,202,P21,1.2955,-148.4077,,,204
204,202,202,1.259881,-132.7574,203,C2,1.2953,-145.4299,,,205
205,203,203,1.2124745000000001,-132.74399,204,P21/c,1.2872,-160.3552,,,206
206,204,204,1.2388471,-132.7232,205,C2/c,1.2647,-144.4525,,,207
207,205,205,1.2428994,-132.7169,206,C2/c,1.267,-150.3134,,,208
208,206,206,1.2431598999999998,-132.6952,207,C2/c,1.267,-150.2815,,,209
209,207,207,1.2089524,-132.6875,208,C2/c,1.2435,-148.9317,,,210
210,208,208,1.212334,-132.6813,209,P21/c,1.2872,-160.3548,,,211
211,209,209,1.2468691,-132.6537,210,Pbca,1.2744,-147.4605,,,212
212,210,210,1.2087398999999999,-132.64279,211,C2/c,1.2433,-148.8904,,,213
213,211,211,1.2556418,-132.5876,212,P21,1.2955,-148.3897,,,214
214,212,212,1.2276111,-132.5872,213,P21/c,1.2756,-153.3727,,,215
215,213,213,1.2276236999999999,-132.5857,214,P2/c,1.2756,-153.3719,,,216
216,214,214,1.2276231000000002,-132.5854,215,C2/c,1.2756,-153.3726,,,217
217,215,215,1.227614,-132.5849,216,Pc,1.2755,-153.3811,,,218
218,216,216,1.2276122999999999,-132.5845,217,P2/c,1.2756,-153.3716,,,219
219,217,217,1.2276131000000001,-132.5842,218,C2/c,1.2756,-153.3737,,,220
220,218,218,1.2540232,-132.5227,219,P21/c,1.2855,-149.4615,,,221
221,219,219,1.2117933,-132.4714,220,Pnna,1.2446,-144.4519,,,222
222,220,220,1.2538551000000002,-132.3937,221,P21/c,1.2853,-149.4162,,,223
223,221,221,1.2117261000000001,-132.3875,222,Pnna,1.2447,-144.4338,,,224
224,222,222,1.2590499,-132.3268,223,Fdd2,1.2903,-140.5859,,,225
225,223,223,1.2589629999999998,-132.2669,224,Fdd2,1.2903,-140.5889,,,226
226,224,224,1.2302008999999998,-132.1856,225,P21/c,1.2564,-146.9791,,,227
227,225,225,1.2418922,-132.1819,226,P21212,1.2761,-145.1887,,,228
228,226,226,1.2302383,-132.1678,227,P-1,1.2819,-148.8943,,,229
229,227,227,1.2004758999999998,-132.1425,228,P212121,1.2348,-146.4845,,,230
230,228,228,1.2313353999999999,-132.1109,229,P21/c,1.3104,-156.5992,,,231
231,229,229,1.2003627000000001,-132.0927,230,P212121,1.2347,-146.4728,,,232
232,230,230,1.2416552,-132.0119,231,P21212,1.276,-145.1614,,,233
233,232,232,1.2855302,-131.929,233,P21/c,1.333,-154.1594,,,234
234,233,233,1.2437571000000003,-131.921,234,C2/c,1.2715,-151.7054,,,235
235,234,234,1.2439456,-131.9126,235,C2/c,1.2716,-151.7043,,,236
236,235,235,1.2883505,-131.8736,236,P21/c,1.3345,-153.883,,,237
237,236,236,1.2332646999999999,-131.8696,237,Fdd2,1.2704,-150.1085,,,238
238,237,237,1.2333717,-131.8655,238,Fdd2,1.2703,-150.1021,,,239
239,238,238,1.2544156000000002,-131.8418,239,P21/c,1.2887,-145.1854,,,240
240,239,239,1.2881825,-131.8212,240,P21/c,1.3345,-153.8722,,,241
241,240,240,1.2541714,-131.8053,241,P21/c,1.2886,-145.1667,,,242
242,241,241,1.2588918,-131.5893,242,PBCN,1.2844,-148.2011,,,243
243,242,242,1.2492069,-131.5666,243,C2/c,1.2927,-149.2535,,,244
244,243,243,1.2495306000000002,-131.5354,244,C2/c,1.2926,-149.2564,,,245
245,244,244,1.206852,-131.5235,245,PBCN,1.251,-149.8787,,,246
246,245,245,1.2186294,-131.5204,246,Fdd2,1.2613,-150.3346,,,247
247,246,246,1.2185549,-131.5088,247,Fdd2,1.2612,-150.3047,,,248
248,247,247,1.2125873999999999,-131.4848,248,C2/c,1.2243,-141.645,,,249
249,248,248,1.2244017,-131.4811,249,P21/c,1.2371,-142.7371,,,250
250,249,249,1.2514358,-131.47578000000001,250,Pna21,1.2799,-144.6068,,,251
251,250,250,1.2513923999999998,-131.4748,251,P2/c,1.2764,-144.7838,,,252
252,251,251,1.224251,-131.447,252,P21/c,1.2817,-148.9113,,,253
253,252,252,1.2462229999999999,-131.4417,253,Pna21,1.2779,-145.1176,,,254
254,253,253,1.2585403,-131.4297,254,PBCN,1.2844,-148.2271,,,255
255,254,254,1.2120768,-131.4208,255,C2/c,1.2243,-141.6319,,,256
256,255,255,1.2066412,-131.3878,256,PBCN,1.251,-149.9303,,,257
257,256,256,1.2380943000000002,-131.3582,257,Pccn,1.2785,-148.1824,,,258
258,257,257,1.2379426000000002,-131.3283,258,Pccn,1.2786,-148.1965,,,259
259,258,258,1.2459937,-131.2977,259,Pna21,1.2778,-145.1001,,,260
260,259,259,1.2165544,-131.2773,260,P21/c,1.227,-137.2877,,,261
261,260,260,1.266818,-131.22578000000001,261,P212121,1.3024,-152.4229,,,262
262,261,261,1.2163576,-131.2239,262,P21/c,1.2183,-142.1905,,,263
263,262,262,1.2668098,-131.1962,263,P212121,1.3024,-152.4105,,,264
264,263,263,1.2700964,-131.1143,264,C2/c,1.3107,-146.854,,,265
265,264,264,1.2193475,-131.0723,265,P21/c,1.26,-152.4783,,,266
266,265,265,1.2695268,-131.0607,266,C2/c,1.3109,-146.9206,,,267
267,266,266,1.2755017,-131.0316,267,Pbca,1.3146,-144.3987,,,268
268,267,267,1.2606618,-130.9909,268,C2/c,1.2952,-148.2375,,,269
269,268,268,1.2756966,-130.944,269,Pbca,1.3147,-144.428,,,270
270,269,269,1.2605081,-130.9361,270,C2/c,1.2952,-148.2177,,,271
271,270,270,1.2191768,-130.9359,271,P21/c,1.2599,-152.4485,,,272
272,271,271,1.2337,-130.92481999999998,272,P-1,1.27,-151.795,,,273
273,272,272,1.2337837999999999,-130.924,273,P21/c,1.2652,-151.5722,,,274
274,273,273,1.23379,-130.9239,274,Cc,1.2652,-151.5747,,,275
275,274,274,1.2316169,-130.9157,275,C2,1.2653,-144.9503,,,276
276,275,275,1.234069,-130.8486,276,C2/c,1.2646,-144.077,,,277
277,276,276,1.233965,-130.8404,277,C2/c,1.2644,-144.042,,,278
278,277,277,1.2248148,-130.8117,278,P21212,1.2571,-145.0633,,,279
279,278,278,1.2313503000000001,-130.7948,279,C2,1.2651,-144.9332,,,280
280,279,279,1.2339243,-130.7216,280,Pccn,1.2631,-141.8855,,,281
281,280,280,1.1950377,-130.7144,281,C2/c,1.224,-140.3441,,,282
282,281,281,1.2246205,-130.7084,282,P21212,1.2569,-145.0344,,,283
283,282,282,1.2337071000000002,-130.6793,283,Pccn,1.263,-141.8818,,,284
284,283,283,1.2265085,-130.6781,284,P21/c,1.2498,-149.3734,,,285
285,284,284,1.1948531999999998,-130.6167,285,C2/c,1.2239,-140.3155,,,286
286,285,285,1.2263483999999998,-130.5566,286,P21/c,1.2498,-149.3716,,,287
287,286,286,1.2320303999999997,-130.5338,287,PBCN,1.2541,-139.6625,,,288
288,287,287,1.232022,-130.5128,288,PBCN,1.2541,-139.663,,,289
289,288,288,1.236696,-130.4887,289,C2/c,1.2584,-148.1577,,,290
290,289,289,1.2538356000000002,-130.4802,290,P21/c,1.2815,-144.5012,,,291
291,290,290,1.236772,-130.4779,291,C2/c,1.2602,-148.0529,,,292
292,291,291,1.2536726999999999,-130.4577,292,P21/c,1.2814,-144.4842,,,293
293,292,292,1.2252756,-130.4392,293,C2/c,1.2438,-139.8123,,,294
294,293,293,1.2253076999999999,-130.3952,294,C2/c,1.2437,-139.8033,,,295
295,294,294,1.2535962,-130.3558,295,Pna21,1.2816,-144.3203,,,296
296,295,295,1.2425443999999999,-130.3019,296,C2/c,1.2687,-142.4252,,,297
297,296,296,1.2075294,-130.2943,297,P-1,1.2226,-136.72,,,298
298,297,297,1.2074805,-130.2911,298,P-1,1.2225,-136.6742,,,299
299,298,298,1.242524,-130.269,299,C2/c,1.2685,-142.3644,,,300
300,299,299,1.2535448,-130.2331,300,Pna21,1.2816,-144.3259,,,301
301,300,300,1.2140945,-130.0229,301,C2/c,1.2456,-148.7558,,,302
302,301,301,1.2396851999999998,-129.9988,302,P21/c,1.2601,-143.1674,,,303
303,302,302,1.2223685,-129.963,303,Pbca,1.2598,-152.3904,,,304
304,303,303,1.2199351999999999,-129.9618,304,C2/c,1.2473,-142.5589,,,305
305,304,304,1.2201712,-129.9617,305,C2/c,1.2646,-144.0652,,,306
306,305,305,1.2350277,-129.9603,306,P21/c,1.2637,-145.6701,,,307
307,306,306,1.2396948,-129.9531,307,P21/c,1.2601,-143.161,,,308
308,307,307,1.2221862,-129.9511,308,Pbca,1.2598,-152.3945,,,309
309,308,308,1.2349094999999999,-129.9447,309,P21/c,1.2637,-145.6768,,,310
310,309,309,1.213791,-129.94299999999998,310,C2/c,1.2454,-148.7126,,,311
311,310,310,1.2448110000000001,-129.8384,311,P21/c,1.2697,-142.071,,,312
312,311,311,1.2446998,-129.8319,312,P21/c,1.2696,-142.0689,,,313
313,312,312,1.2232426,-129.7892,313,P21/c,1.261,-146.2178,,,314
314,313,313,1.2181655,-129.7511,314,Pbca,1.2491,-144.9313,,,315
315,314,314,1.2182075,-129.72899999999998,315,Pbca,1.2491,-144.9418,,,316
316,315,315,1.2230854,-129.7269,316,P21/c,1.261,-146.2088,,,317
317,316,316,1.2201381000000002,-129.715,317,C2/c,1.2526,-142.2393,,,318
318,317,317,1.2199881000000001,-129.654,318,C2/c,1.2526,-142.2324,,,319
319,318,318,1.2085192,-129.6392,319,P-1,1.2366,-143.5816,,,320
320,319,319,1.2083431,-129.5737,320,P-1,1.2365,-143.5757,,,321
321,320,320,1.2325915,-129.4259,321,C2/c,1.2663,-140.9428,,,322
322,321,321,1.2161823999999999,-129.398,322,P21/c,1.2416,-143.3047,,,323
323,322,322,1.226007,-129.3955,323,P21/c,1.2611,-142.5061,,,324
324,323,323,1.2785196,-129.3691,324,PBCN,1.3222,-147.8659,,,325
325,324,324,1.2324328000000002,-129.3445,325,C2/c,1.2665,-140.9726,,,326
326,325,325,1.215719,-129.34136999999998,326,P21/c,1.2938,-146.1459,,,327
327,326,326,1.2245251,-129.3374,327,P21/c,1.2498,-149.373,,,328
328,327,327,1.1938107,-129.3138,328,C2/c,1.2345,-151.2039,,,329
329,328,328,1.2243901000000001,-129.292,329,P21/c,1.2498,-149.3726,,,330
330,329,329,1.2141545,-129.2596,330,P21/c,1.2385,-144.6626,,,331
331,330,330,1.2259594999999999,-129.2565,331,P21/c,1.2612,-142.5415,,,332
332,331,331,1.2161736,-129.2506,332,P21/c,1.2416,-143.3199,,,333
333,332,332,1.1937043999999999,-129.2371,333,C2/c,1.2345,-151.1925,,,334
334,333,333,1.2287201,-129.20808,334,C2/c,1.2664,-140.9654,,,335
335,334,334,1.2779247,-129.2006,335,PBCN,1.3222,-147.8741,,,336
336,335,335,1.2286713,-129.19,336,C2/c,1.2663,-140.9444,,,337
337,336,336,1.2407166,-129.1333,337,C2,1.2664,-138.5363,,,338
338,337,337,1.2130232,-129.1223,338,Pbca,1.2481,-144.292,,,339
339,338,338,1.2129127,-129.11569,339,Pbca,1.2481,-144.2919,,,340
340,339,339,1.2136753,-129.0939,340,P21/c,1.2385,-144.648,,,341
341,340,340,1.2372032,-129.0664,341,P-421c,1.2658,-144.5348,,,342
342,341,341,1.2406226,-129.0587,342,C2,1.2664,-138.5409,,,343
343,342,342,1.2372937,-129.0323,343,P-421c,1.2659,-144.5825,,,344
344,343,343,1.2488358,-129.0139,344,P21/c,1.2637,-140.8391,,,345
345,344,344,1.2177265,-128.9927,345,P21/c,1.2559,-148.8292,,,346
346,345,345,1.2435176000000001,-128.989,346,PBCN,1.2772,-140.6583,,,347
347,346,346,1.220244,-128.9842,347,PBCN,1.2454,-141.2996,,,348
348,347,347,1.2435052,-128.9304,348,PBCN,1.2772,-140.6391,,,349
349,348,348,1.2375116000000002,-128.9191,349,Iba2,1.2762,-144.0844,,,350
350,349,349,1.2166566,-128.9179,350,P21/c,1.2398,-140.1423,,,351
351,350,350,1.2372798999999999,-128.8959,351,Iba2,1.2761,-144.0544,,,352
352,351,351,1.2076575,-128.8787,352,P2/c,1.238,-143.1752,,,353
353,352,352,1.2320216,-128.8768,353,C2,1.2676,-144.6613,,,354
354,353,353,1.2198704,-128.8616,354,PBCN,1.2453,-141.2809,,,355
355,354,354,1.2603733999999998,-128.8563,355,Aba2,1.2911,-143.5002,,,356
356,355,355,1.1805569,-128.8203,356,P21/c,1.2135,-146.5316,,,357
357,356,356,1.2173902,-128.8199,357,P21/c,1.2558,-148.8146,,,358
358,357,357,1.2108793,-128.8068,358,P212121,1.2525,-153.0511,,,359
359,358,358,1.2318472,-128.8062,359,C2,1.2675,-144.6493,,,360
360,359,359,1.2481989,-128.806,360,P21/c,1.2635,-140.8172,,,361
361,360,360,1.2110169,-128.7905,361,P212121,1.2526,-153.0513,,,362
362,361,361,1.2601912,-128.7707,362,Aba2,1.2912,-143.5128,,,363
363,362,362,1.1806822,-128.7678,363,P21/c,1.2135,-146.5325,,,364
364,363,363,1.2070105,-128.7597,364,P2/c,1.238,-143.1697,,,365
365,364,364,1.2162455,-128.7379,365,P21/c,1.2398,-140.1331,,,366
366,365,365,1.2126583999999998,-128.7066,366,P-1,1.2321,-140.924,,,367
367,366,366,1.2286946,-128.687,367,P21212,1.262,-144.439,,,368
368,367,367,1.1655191,-128.6659,368,PBCN,1.1949,-140.5606,,,369
369,368,368,1.165404,-128.6569,369,PBCN,1.1947,-140.5546,,,370
370,369,369,1.2031801000000002,-128.6397,370,P21/c,1.2445,-148.7375,,,371
371,370,370,1.249958,-128.6385,371,P2/c,1.281,-144.0123,,,372
372,371,371,1.2269236000000001,-128.6318,372,C2/c,1.2345,-151.1872,,,373
373,372,372,1.2117351,-128.6277,373,Pna21,1.2536,-152.5312,,,374
374,373,373,1.2284823999999999,-128.6276,374,P21212,1.262,-144.4097,,,375
375,374,374,1.2030764999999999,-128.6275,375,P21/c,1.2443,-148.732,,,376
376,375,375,1.2391809999999999,-128.6243,376,Pca21,1.2801,-145.5667,,,377
377,376,376,1.2265837,-128.61333,377,C2/c,1.2603,-138.767,,,378
378,377,377,1.2072828000000002,-128.61218,378,P21,1.2382,-144.5602,,,379
379,378,378,1.2117265,-128.6034,379,Pna21,1.2536,-152.5204,,,380
380,379,379,1.2118334,-128.5951,380,P-1,1.2319,-140.8846,,,381
381,380,380,1.226582,-128.5885,381,C2/c,1.2603,-138.7671,,,382
382,381,381,1.2073162,-128.5733,382,P21,1.2381,-144.5504,,,383
383,382,382,1.2497125,-128.5458,383,P2/c,1.2809,-143.9963,,,384
384,383,383,1.2082412,-128.5078,384,PBCN,1.2372,-142.0058,,,385
385,384,384,1.2082808,-128.4814,385,PBCN,1.2371,-141.9979,,,386
386,385,385,1.2076743,-128.4744,386,Pbca,1.2371,-142.9227,,,387
387,386,386,1.2267752,-128.464,387,C2/c,1.2345,-151.1872,,,388
388,387,387,1.2388265,-128.4519,388,Pca21,1.28,-145.5341,,,389
389,388,388,1.2325534,-128.4229,389,C2/c,1.2633,-142.5869,,,390
390,389,389,1.2074521999999999,-128.4078,390,Pbca,1.2371,-142.9215,,,391
391,390,390,1.2326125,-128.3993,391,C2/c,1.2635,-142.6032,,,392
392,391,391,1.2076926000000001,-128.3609,392,Fdd2,1.2703,-150.1043,,,393
393,392,392,1.249225,-128.3458,393,PBCN,1.273,-136.7225,,,394
394,393,393,1.216689,-128.3345,394,C2/c,1.2197,-140.7557,,,395
395,394,394,1.207805,-128.3171,395,Fdd2,1.2704,-150.1075,,,396
396,395,395,1.2166774999999999,-128.2913,396,C2/c,1.2195,-140.6801,,,397
397,396,396,1.2490892,-128.2851,397,PBCN,1.2728,-136.682,,,398
398,397,397,1.220167,-128.2539,398,C2/c,1.2467,-138.5829,,,399
399,398,398,1.2198746,-128.2505,399,C2/c,1.2467,-138.5816,,,400
400,399,399,1.2086222,-128.2457,400,P21/c,1.2388,-140.2405,,,401
401,400,400,1.2699572000000001,-128.2343,401,C2,1.3113,-147.7448,,,402
402,401,401,1.2114022,-128.2309,402,P21/c,1.2477,-150.3611,,,403
403,402,402,1.2117105,-128.2162,403,P21/c,1.2477,-150.3675,,,404
404,403,403,1.1960965000000001,-128.1956,404,P2/c,1.2297,-141.9237,,,405
405,404,404,1.2700415,-128.1937,405,C2,1.3112,-147.7106,,,406
406,405,405,1.2370354,-128.179,406,Pna21,1.2806,-146.0644,,,407
407,406,406,1.1739761,-128.1605,407,C2,1.2103,-144.5833,,,408
408,407,407,1.2019053999999998,-128.1505,408,Pca21,1.2354,-143.6764,,,409
409,408,408,1.2019018999999997,-128.1503,409,Pna21,1.2353,-143.6756,,,410
410,409,409,1.2019131,-128.1497,410,P21/c,1.2353,-143.6788,,,411
411,410,410,1.2019207,-128.1492,411,P21/c,1.2353,-143.6776,,,412
412,411,411,1.2284085,-128.1429,412,P21/c,1.2632,-145.3994,,,413
413,412,412,1.2383513000000002,-128.1394,413,C2221,1.2634,-136.1494,,,414
414,413,413,1.2369143999999999,-128.1335,414,Pna21,1.2804,-146.047,,,415
415,414,414,1.1957328,-128.1289,415,P2/c,1.2296,-141.9141,,,416
416,415,415,1.1736175,-128.1149,416,C2,1.21,-144.5309,,,417
417,416,416,1.2570354,-128.1104,417,P21/c,1.2904,-145.7509,,,418
418,417,417,1.2083814,-128.1083,418,P21/c,1.2388,-140.2151,,,419
419,418,418,1.2099708,-128.097,419,P21/c,1.2516,-150.1019,,,420
420,419,419,1.2077954,-128.0733,420,PBCN,1.2418,-145.303,,,421
421,420,420,1.2098575,-128.0598,421,P21/c,1.2515,-150.1025,,,422
422,421,421,1.2281681999999998,-128.0459,422,P21/c,1.2633,-145.4266,,,423
423,422,422,1.238214,-128.0353,423,C2221,1.2634,-136.1372,,,424
424,423,423,1.2571932,-128.0292,424,P21/c,1.2902,-145.7426,,,425
425,424,424,1.2010816,-128.003,425,P21/c,1.2171,-141.6385,,,426
426,425,425,1.20393,-127.9992,426,P21/c,1.2384,-141.0852,,,427
427,426,426,1.2414433,-127.9969,427,Pna21,1.277,-144.1326,,,428
428,427,427,1.241375,-127.9939,428,Pna21,1.277,-144.1455,,,429
429,428,428,1.1620053,-127.9829,429,P21/c,1.198,-142.0287,,,430
430,429,429,1.2290921000000001,-127.9822,430,P21/c,1.2399,-138.0041,,,431
431,430,430,1.1619886000000001,-127.9808,431,Cc,1.198,-142.031,,,432
432,431,431,1.2202976,-127.9768,432,P2/c,1.249,-144.1565,,,433
433,432,432,1.2184358999999998,-127.9673,433,Pca21,1.2498,-149.4161,,,434
434,433,433,1.2184422,-127.9655,434,Pna21,1.2477,-149.4593,,,435
435,434,434,1.2077006000000001,-127.9633,435,PBCN,1.2419,-145.3338,,,436
436,435,435,1.2204865,-127.9624,436,P2/c,1.2492,-144.1995,,,437
437,436,436,1.237083,-127.9513,437,P21/c,1.2924,-142.5469,,,438
438,437,437,1.2007885,-127.9424,438,P21/c,1.217,-141.6303,,,439
439,438,438,1.203832,-127.9211,439,P21/c,1.2384,-141.1068,,,440
440,439,439,1.1895697,-127.9012,440,P21/c,1.2183,-142.6741,,,441
441,440,440,1.2306211999999999,-127.89079,441,P21/c,1.2572,-142.5283,,,442
442,441,441,1.2314444,-127.8712,442,P21/c,1.2538,-139.45,,,443
443,442,442,1.2306682,-127.8215,443,P21/c,1.2572,-142.5106,,,444
444,443,443,1.229482,-127.8179,444,P21/c,1.24,-138.0255,,,445
445,444,444,1.2303066,-127.7916,445,Cc,1.2526,-135.5018,,,446
446,445,445,1.2316668,-127.7908,446,P21/c,1.2538,-139.4188,,,447
447,446,446,1.2300318000000001,-127.7467,447,Cc,1.2526,-135.5231,,,448
448,447,447,1.2124034,-127.73200000000001,448,P21/c,1.252,-151.772,,,449
449,448,448,1.217057,-127.7275,449,P21/c,1.2915,-152.2747,,,450
450,449,449,1.2124483999999998,-127.7215,450,P21/m,1.234,-138.07,,,451
451,450,450,1.2121224,-127.7197,451,P21/c,1.2521,-151.7887,,,452
452,451,451,1.2177483,-127.7051,452,P21/c,1.2548,-141.5582,,,453
453,452,452,1.1892345,-127.6905,453,P21/c,1.2184,-142.6729,,,454
454,453,453,1.2243443999999999,-127.6805,454,Fdd2,1.2586,-137.726,,,455
455,454,454,1.2176223999999998,-127.679,455,P21/c,1.2548,-141.5623,,,456
456,455,455,1.2166313999999998,-127.6711,456,P21/c,1.2914,-152.2526,,,457
457,456,456,1.2126788999999998,-127.6626,457,P21/m,1.2341,-138.0643,,,458
458,457,457,1.2244354,-127.6601,458,Fdd2,1.2587,-137.7582,,,459
459,458,458,1.2127985000000001,-127.6538,459,P-1,1.2503,-145.7523,,,460
460,459,459,1.2187343000000002,-127.6531,460,P-421c,1.2659,-144.5849,,,461
461,460,460,1.2202496999999999,-127.6309,461,P-421c,1.2659,-144.5813,,,462
462,461,461,1.1986916,-127.6047,462,P-1,1.2084,-136.506,,,463
463,462,462,1.2101101,-127.604,463,P21/c,1.2439,-144.0071,,,464
464,463,463,1.2126852,-127.5895,464,P-1,1.2502,-145.7338,,,465
465,464,464,1.2368677,-127.5863,465,Pca21,1.2541,-138.4123,,,466
466,465,465,1.1894921999999999,-127.5692,466,C2/c,1.2216,-140.9427,,,467
467,466,466,1.2362913999999998,-127.5524,467,PBCN,1.2453,-141.2976,,,468
468,467,467,1.1893562,-127.5448,468,C2/c,1.2216,-140.9564,,,469
469,468,468,1.2099959999999998,-127.5433,469,P21/c,1.2439,-144.0072,,,470
470,469,469,1.2361536,-127.5369,470,Pca21,1.254,-138.4174,,,471
471,470,470,1.1985238,-127.5315,471,P-1,1.2085,-136.5585,,,472
472,471,471,1.2188778999999998,-127.50321000000001,472,P-421c,1.2658,-144.5435,,,473
473,472,472,1.1888286,-127.5013,473,P-1,1.221,-141.1775,,,474
474,473,473,1.2339343,-127.5009,474,Pna21,1.2614,-138.0285,,,475
475,474,474,1.2338378,-127.4869,475,Pna21,1.2613,-138.019,,,476
476,475,475,1.1994962,-127.4777,476,P21/c,1.2249,-140.8821,,,477
477,476,476,1.1747173,-127.4752,477,C2/c,1.2066,-143.7573,,,478
478,477,477,1.2353607,-127.4508,478,C2/c,1.2687,-139.8723,,,479
479,478,478,1.2175626,-127.4451,479,P212121,1.252,-143.2743,,,480
480,479,479,1.1890287,-127.4429,480,P-1,1.2212,-141.1951,,,481
481,480,480,1.1748357,-127.4153,481,C2/c,1.2067,-143.7796,,,482
482,481,481,1.2353761,-127.3833,482,C2/c,1.2688,-139.8845,,,483
483,482,482,1.2656752,-127.34539,483,P21212,1.3102,-147.0751,,,484
484,483,483,1.2173477,-127.3201,484,P212121,1.252,-143.2812,,,485
485,484,484,1.2148316000000001,-127.3189,485,P-1,1.2503,-145.7503,,,486
486,485,485,1.2135329,-127.3112,486,Pnma,1.2473,-141.3116,,,487
487,486,486,1.2165622,-127.3087,487,P21/c,1.2326,-146.7979,,,488
488,487,487,1.2655181,-127.3055,488,P21212,1.3103,-147.1063,,,489
489,488,488,1.1993841,-127.2971,489,P21/c,1.2251,-140.9191,,,490
490,489,489,1.2134247,-127.2966,490,Pnma,1.2474,-141.3203,,,491
491,490,490,1.2021226999999999,-127.2871,491,P21/c,1.2321,-137.3194,,,492
492,491,491,1.2021316,-127.2833,492,P21/c,1.2321,-137.3322,,,493
493,492,492,1.1721283000000002,-127.2819,493,C2/c,1.1975,-138.982,,,494
494,493,493,1.2210796999999998,-127.2733,494,Pna21,1.254,-144.0916,,,495
495,494,494,1.2146781999999998,-127.2574,495,P-1,1.2502,-145.7311,,,496
496,495,495,1.2183667,-127.25618999999999,496,P2/c,1.25,-139.3184,,,497
497,496,496,1.2165337999999999,-127.2483,497,P21/c,1.2325,-146.7864,,,498
498,497,497,1.1715803,-127.2459,498,C2/c,1.1976,-139.0078,,,499
499,498,498,1.2186853000000002,-127.2283,499,P21/c,1.2573,-140.8895,,,500
500,499,499,1.2116294,-127.1914,500,Pbca,1.2467,-147.3968,,,501
501,500,500,1.220875,-127.1703,501,Pna21,1.254,-144.1028,,,502
502,501,501,1.2179897,-127.1386,502,P2/c,1.2499,-139.2986,,,503
503,502,502,1.2341659,-127.1167,503,P21/c,1.2485,-137.0867,,,504
504,503,503,1.1983694,-127.1067,504,P2/c,1.2343,-144.5016,,,505
505,504,504,1.2020167,-127.0973,505,PBCN,1.2419,-145.3346,,,506
506,505,505,1.2185059999999999,-127.09113,506,P21/c,1.2573,-140.8927,,,507
507,506,506,1.211663,-127.0849,507,Pbca,1.2466,-147.3774,,,508
508,507,507,1.1878787,-127.0846,508,P21/c,1.2191,-140.6881,,,509
509,508,508,1.1986275,-127.0688,509,P2/c,1.2345,-144.5406,,,510
510,509,509,1.1881787,-127.0625,510,P21/c,1.2191,-140.6828,,,511
511,510,510,1.2352332000000001,-127.0337,511,C2/c,1.2743,-139.4353,,,512
512,511,511,1.2352528999999999,-127.0284,512,C2/c,1.2743,-139.4394,,,513
513,512,512,1.1852958,-126.9829,513,PBCN,1.2189,-141.1708,,,514
514,513,513,1.215393,-126.9499,514,P21/c,1.2443,-139.3806,,,515
515,514,514,1.2095592,-126.8835,515,C2/c,1.2121,-145.5966,,,516
516,515,515,1.2272211000000002,-126.8835,516,P32,1.26,-135.7566,,,517
517,516,516,1.2197944,-126.8713,517,P21/c,1.2552,-146.9875,,,518
518,517,517,1.2333908000000002,-126.8633,518,P21/c,1.2485,-137.0937,,,519
519,518,518,1.1852089,-126.8592,519,PBCN,1.2189,-141.1558,,,520
520,519,519,1.2318751000000001,-126.8575,520,P21/c,1.2565,-142.0202,,,521
521,520,520,1.210094,-126.8508,521,C2/c,1.2466,-139.7551,,,522
522,521,521,1.209824,-126.84700000000001,522,C2/c,1.2466,-139.778,,,523
523,522,522,1.2319646999999998,-126.8352,523,P21/c,1.2565,-142.024,,,524
524,523,523,1.2197902,-126.8244,524,P21/c,1.2552,-147.0061,,,525
525,524,524,1.2281128000000001,-126.818,525,P21/c,1.2543,-139.5134,,,526
526,525,525,1.2094643,-126.8097,526,C2/c,1.212,-145.584,,,527
527,526,526,1.2273185,-126.80593999999999,527,P32,1.2601,-135.7753,,,528
528,527,527,1.2031969999999998,-126.7744,528,P21/c,1.2362,-140.0071,,,529
529,528,528,1.2278976000000001,-126.7672,529,P21/c,1.2542,-139.4939,,,530
530,529,529,1.2150446000000001,-126.7645,530,P21/c,1.2442,-139.3909,,,531
531,530,530,1.2017309999999999,-126.7522,531,C2/c,1.2293,-143.0238,,,532
532,531,531,1.2399771000000002,-126.7521,532,P2/c,1.2658,-136.3802,,,533
533,532,532,1.2399387,-126.7395,533,P2/c,1.2658,-136.3637,,,534
534,533,533,1.2601941,-126.73299999999999,534,P21/c,1.288,-141.1887,,,535
535,534,534,1.2016648,-126.695,535,C2/c,1.2292,-143.0042,,,536
536,535,535,1.2031209999999999,-126.6657,536,P21/c,1.236,-139.9807,,,537
537,536,536,1.1765183000000001,-126.6413,537,P21/c,1.211,-139.5715,,,538
538,537,537,1.1945794,-126.6242,538,P212121,1.2318,-145.7811,,,539
539,538,538,1.2229801000000002,-126.6214,539,PBCN,1.2509,-139.196,,,540
540,539,539,1.1922309,-126.6201,540,P-1,1.2224,-136.6983,,,541
541,540,540,1.197449,-126.6201,541,P-1,1.2221,-136.6583,,,542
542,541,541,1.1811488,-126.6199,542,Pna21,1.2145,-145.6787,,,543
543,542,542,1.1811465,-126.61966000000001,543,Pna21,1.2145,-145.6799,,,544
544,543,543,1.2231134,-126.6137,544,PBCN,1.2511,-139.2157,,,545
545,544,544,1.1944746000000002,-126.5985,545,P212121,1.2318,-145.7998,,,546
546,545,545,1.176641,-126.595,546,P21/c,1.2111,-139.5852,,,547
547,546,546,1.2010311000000002,-126.5858,547,Aba2,1.2258,-138.8352,,,548
548,547,547,1.2237083999999998,-126.5744,548,Pna21,1.2537,-138.8898,,,549
549,548,548,1.2237378,-126.5731,549,P2/c,1.2537,-138.8904,,,550
550,549,549,1.2237185,-126.5729,550,P21/c,1.2537,-138.8915,,,551
551,550,550,1.2599503,-126.5398,551,P21/c,1.288,-141.1882,,,552
552,551,551,1.2347193,-126.5352,552,P21/c,1.2622,-135.7029,,,553
553,552,552,1.1829485,-126.5337,553,Fdd2,1.2204,-144.4876,,,554
554,553,553,1.200817,-126.5298,554,Aba2,1.2257,-138.8395,,,555
555,554,554,1.2206106,-126.5223,555,P21/c,1.2447,-137.3248,,,556
556,555,555,1.1830671,-126.5223,556,Fdd2,1.2203,-144.4652,,,557
557,556,556,1.192344,-126.5043,557,P-1,1.2223,-136.7064,,,558
558,557,557,1.2288351999999998,-126.5034,558,P21/c,1.2526,-137.9768,,,559
559,558,558,1.2017741000000002,-126.5013,559,P21/c,1.2188,-138.4196,,,560
560,559,559,1.2286149,-126.4891,560,P21/c,1.2525,-137.9675,,,561
561,560,560,1.2040089,-126.478,561,P2/c,1.238,-137.8049,,,562
562,561,561,1.2043403,-126.4743,562,C2/c,1.2362,-142.1928,,,563
563,562,562,1.2290181999999998,-126.4601,563,P3121,1.2609,-135.6826,,,564
564,563,563,1.2244946,-126.4587,564,C2/c,1.2466,-139.8877,,,565
565,564,564,1.2243639,-126.4553,565,C2/c,1.2466,-139.9033,,,566
566,565,565,1.2038927,-126.41,566,P2/c,1.238,-137.8036,,,567
567,566,566,1.2106736999999999,-126.4074,567,P21/c,1.246,-144.1716,,,568
568,567,567,1.2106562,-126.3959,568,P21/c,1.246,-144.1795,,,569
569,568,568,1.2130187,-126.3642,569,P2/c,1.2522,-144.8754,,,570
570,569,569,1.2205831,-126.3627,570,P21/c,1.2446,-137.2974,,,571
571,570,570,1.2043589,-126.3592,571,C2/c,1.2362,-142.1892,,,572
572,571,571,1.2206222,-126.3557,572,P212121,1.2575,-146.9404,,,573
573,572,572,1.2013961000000002,-126.3307,573,P21/c,1.2118,-138.8592,,,574
574,573,573,1.2343323,-126.3246,574,P21/c,1.2622,-135.7039,,,575
575,574,574,1.2205078999999999,-126.3233,575,P212121,1.2575,-146.9404,,,576
576,575,575,1.2100365,-126.3112,576,Cc,1.2439,-144.0046,,,577
577,576,576,1.2126853000000002,-126.3045,577,P2/c,1.2523,-144.885,,,578
578,577,577,1.1841608000000001,-126.2873,578,P21/c,1.2172,-141.6444,,,579
579,578,578,1.2056361,-126.2853,579,P2/c,1.2429,-139.0853,,,580
580,579,579,1.2066895,-126.2398,580,PBCN,1.2431,-148.0067,,,581
581,580,580,1.1839412,-126.2103,581,P21/c,1.2171,-141.6371,,,582
582,581,581,1.2364153999999998,-126.2055,582,Pccn,1.2617,-136.0957,,,583
583,582,582,1.2041125,-126.1868,583,P2/c,1.2331,-136.8995,,,584
584,583,583,1.2066066,-126.1782,584,PBCN,1.2431,-148.0019,,,585
585,584,584,1.2365665000000001,-126.1727,585,Pccn,1.2618,-136.1112,,,586
586,585,585,1.2041699,-126.1655,586,P2/c,1.2332,-136.9032,,,587
587,586,586,1.2055619,-126.1405,587,P2/c,1.2429,-139.0946,,,588
588,587,587,1.2353607,-126.1296,588,P21/c,1.2776,-146.805,,,589
589,588,588,1.1906091,-126.1111,589,P21/c,1.272,-156.0894,,,590
590,589,589,1.1905799,-126.1076,590,P21/c,1.2231,-144.2304,,,591
591,590,590,1.1806799,-126.1069,591,P21/c,1.2183,-142.6838,,,592
592,591,591,1.1809931999999999,-126.104,592,P21/c,1.2099,-141.9731,,,593
593,592,592,1.2104605,-126.1005,593,P21/c,1.2435,-140.4463,,,594
594,593,593,1.2172177,-126.0965,594,Pbca,1.2372,-134.7096,,,595
595,594,594,1.2170573,-126.0889,595,Pbca,1.2371,-134.709,,,596
596,595,595,1.1908151000000002,-126.0884,596,P21/c,1.272,-156.0666,,,597
597,596,596,1.2101173,-126.0852,597,P21/c,1.2436,-140.4415,,,598
598,597,597,1.2357743,-126.0354,598,P21/c,1.2777,-146.7867,,,599
599,598,598,1.2250065,-126.0216,599,PBCN,1.2414,-141.5922,,,600
600,599,599,1.2065386999999999,-126.0064,600,P21/c,1.2264,-139.6694,,,601
601,600,600,1.1858473999999999,-125.9892,601,Pbca,1.222,-147.1569,,,602
602,601,601,1.1659195,-125.9871,602,P21/c,1.1982,-137.6825,,,603
603,602,602,1.1863141000000001,-125.9749,603,P21/c,1.2183,-142.2014,,,604
604,603,603,1.2247415000000001,-125.9607,604,PBCN,1.2415,-141.6089,,,605
605,604,604,1.1856978999999999,-125.9557,605,Pbca,1.222,-147.1636,,,606
606,605,605,1.2403323999999998,-125.9309,606,P21/c,1.2705,-141.3852,,,607
607,606,606,1.1957951999999998,-125.9291,607,P-1,1.2128,-145.6412,,,608
608,607,607,1.1902447,-125.9242,608,P21/c,1.2231,-144.2261,,,609
609,608,608,1.1866325,-125.9108,609,P212121,1.2185,-140.0426,,,610
610,609,609,1.1866267,-125.9082,610,P212121,1.2185,-140.0388,,,611
611,610,610,1.2355812,-125.9056,611,PBCN,1.2687,-138.2271,,,612
612,611,611,1.2354352,-125.8907,612,PBCN,1.2687,-138.2175,,,613
613,612,612,1.1658638000000001,-125.88735,613,P21/c,1.1983,-137.6761,,,614
614,613,613,1.1991023,-125.8684,614,C2/c,1.2083,-145.2155,,,615
615,614,614,1.1858203,-125.865524,615,P21/c,1.2182,-142.1764,,,616
616,615,615,1.1988348999999998,-125.8597,616,C2/c,1.2083,-145.2193,,,617
617,616,616,1.1921263,-125.8533,617,C2/c,1.2348,-144.791,,,618
618,617,617,1.2402058999999999,-125.8497,618,P21/c,1.2706,-141.4053,,,619
619,618,618,1.2214205,-125.8429,619,P21/c,1.2537,-144.3106,,,620
620,619,619,1.1936042,-125.8368,620,P21/c,1.2239,-140.9025,,,621
621,620,620,1.1957799,-125.8324,621,P-1,1.2127,-145.6452,,,622
622,621,621,1.2035245,-125.8283,622,C2,1.2373,-146.873,,,623
623,622,622,1.2204266000000001,-125.8144,623,C2/c,1.2489,-141.3874,,,624
624,623,623,1.2067077,-125.7953,624,C2/c,1.2381,-144.3587,,,625
625,624,624,1.2033663,-125.77498999999999,625,C2,1.2373,-146.8729,,,626
626,625,625,1.217959,-125.7594,626,C2/c,1.2472,-136.7687,,,627
627,626,626,1.2099452,-125.75928,627,C2/c,1.2383,-144.3911,,,628
628,627,627,1.1959361000000002,-125.7578,628,C2,1.2203,-140.1572,,,629
629,628,628,1.2236768,-125.7505,629,P21/c,1.2512,-137.4372,,,630
630,629,629,1.1916295,-125.7495,630,C2/c,1.2346,-144.7783,,,631
631,630,630,1.2127193,-125.7274,631,PBCN,1.2408,-134.9431,,,632
632,631,631,1.2522046999999998,-125.72148,632,P-1,1.2792,-141.1477,,,633
633,632,632,1.2431681,-125.7157,633,PBCN,1.2549,-135.575,,,634
634,633,633,1.2180073999999999,-125.7139,634,C2/c,1.2472,-136.7684,,,635
635,634,634,1.2152281999999999,-125.7024,635,P21/c,1.2985,-148.2448,,,636
636,635,635,1.212717,-125.6991,636,PBCN,1.2406,-134.9205,,,637
637,636,636,1.2518361,-125.69317,637,P-1,1.2793,-141.1667,,,638
638,637,637,1.2853537,-125.6797,638,PBCN,1.3268,-144.0582,,,639
639,638,638,1.2058381,-125.6738,639,P21/c,1.2263,-139.6537,,,640
640,639,639,1.2196367000000001,-125.6715,640,P21/c,1.2546,-139.5238,,,641
641,640,640,1.2152039,-125.6679,641,P21/c,1.2984,-148.2355,,,642
642,641,641,1.2032473,-125.6628,642,C2/c,1.2991,-148.806,,,643
643,642,642,1.1934675,-125.6528,643,P21/c,1.2239,-140.9023,,,644
644,643,643,1.2059659,-125.6253,644,C2/c,1.238,-144.3282,,,645
645,644,644,1.2101036,-125.6189,645,P-1,1.2126,-145.6141,,,646
646,645,645,1.2180787,-125.611,646,C2/c,1.2443,-137.9916,,,647
647,646,646,1.223455,-125.6084,647,P21/c,1.2511,-137.4002,,,648
648,647,647,1.2099988000000002,-125.6075,648,P-1,1.2125,-145.619,,,649
649,648,648,1.209553,-125.60628999999999,649,C2/c,1.238,-144.3303,,,650
650,649,649,1.214386,-125.6009,650,P-1,1.2389,-134.3294,,,651
651,650,650,1.2199532,-125.5989,651,C2/c,1.2488,-141.3859,,,652
652,651,651,1.203063,-125.5934,652,C2/c,1.2992,-148.8048,,,653
653,652,652,1.2064337,-125.5931,653,P-1,1.2126,-145.6109,,,654
654,653,653,1.2096121000000002,-125.59200000000001,654,C2/c,1.238,-144.3274,,,655
655,654,654,1.2151637,-125.5823,655,P-1,1.2388,-134.306,,,656
656,655,655,1.2850542999999999,-125.5576,656,PBCN,1.3267,-144.0698,,,657
657,656,656,1.215999,-125.557,657,P2/c,1.2297,-141.9113,,,658
658,657,657,1.2179356000000001,-125.55435,658,C2/c,1.2444,-138.0119,,,659
659,658,658,1.1820879,-125.5514,659,Pnna,1.211,-139.7232,,,660
660,659,659,1.2158277,-125.5467,660,P-1,1.2388,-134.3164,,,661
661,660,660,1.2158427,-125.525,661,P2/c,1.2296,-141.9044,,,662
662,661,661,1.2045002,-124.0993,662,P1,1.235,-147.2482,,,663
663,662,662,1.1557683,-118.1535,663,P21,1.1957,-139.3703,,,664
664,663,663,1.1723504999999999,-114.5512,664,P21,1.2011,-125.5843,,,665
665,664,664,1.1468405000000002,-111.73299999999999,665,Pc,1.1815,-127.4158,,,666
666,665,665,0.59827495,-106.6576,666,P-1,0.5969,-125.3399,,,667
667,666,666,1.072589,-106.2619,667,Pc,1.109,-124.5794,,,668
668,667,667,0.52693236,-105.98700000000001,668,P-1,0.5423,-122.6504,,,669
