,index,Unnamed: 0,dens,ener,ID,sg,dma_dens,dma_ener,struc_name,f_ener,f_dens,molecules,E_idx
0,125,125,1.1372354,-124.0186,126,P31,1.2417,-136.2209,opt_126,1.22495,1.2672,3.0,1
1,5,5,1.2500677,-131.7209,6,C2/c,1.2681,-145.5313,opt_6,4.50908,1.2338,8.0,2
2,10,10,1.2360957000000001,-131.11,11,P21/c,1.2682,-148.8507,opt_11,6.268669999999999,1.2297,4.0,3
3,42,42,1.2227988,-127.6465,43,P21/c,1.2225,-135.0357,opt_43,7.570010000000001,1.2099,4.0,4
4,82,82,1.2187959,-124.7944,83,C2/c,1.2089,-137.5117,opt_83,7.66585,1.1886,8.0,5
5,592,592,1.1780213,-119.1527,593,PBCN,1.1861,-134.7937,opt_593,7.886710000000001,1.1584,8.0,6
6,3,3,1.2527815,-131.9762,4,P-1,1.267,-144.649,opt_4,8.0713,1.218,2.0,7
7,237,237,1.1990584999999998,-122.0455,238,Pbca,1.2102,-137.9893,opt_238,8.47002,1.1787,8.0,8
8,68,68,1.2258403,-125.3294,69,C2/c,1.2437,-137.785,opt_69,9.25975,1.2068,8.0,9
9,74,74,1.2200965,-125.0446,75,P21/c,1.2164,-141.6866,opt_75,9.33125,1.1896,4.0,10
10,622,622,1.1510857,-118.9868,623,P21,1.1872,-133.4937,opt_623,10.1724,1.1771,2.0,11
11,7,7,1.2500666,-131.7204,8,P21/c,1.2579,-138.685,opt_8,10.5743,1.2181,4.0,12
12,90,90,1.1896341000000001,-124.6058,91,P21/c,1.2113,-142.8312,opt_91,10.7124,1.1728,4.0,13
13,71,71,1.1902473,-125.2607,72,P21/c,1.2224,-146.3622,opt_72,10.799000000000001,1.1821,4.0,14
14,642,642,1.1503435,-118.8258,643,Pbca,1.1881,-133.5687,opt_643,10.9432,1.1655,8.0,15
15,43,43,1.1862358999999998,-127.2919,44,Pna21,1.2463,-147.3033,opt_44,10.9753,1.196,4.0,16
16,15,15,1.2275419,-130.4325,16,P21/c,1.265,-140.1889,opt_16,11.194,1.2149,4.0,17
17,343,343,1.200151,-121.0104,344,P-1,1.2219,-138.2402,opt_344,11.4706,1.1896,2.0,18
18,266,266,1.1678267,-121.8217,267,P3121,1.2214,-132.8948,opt_267,11.5157,1.191,6.0,19
19,18,18,1.2331188,-130.2751,19,C2/c,1.2306,-139.3057,opt_19,11.5879,1.1957,8.0,20
20,598,598,1.1764774,-119.1,599,R-3,1.199,-133.0638,opt_599,11.6521,1.1762,18.0,21
21,0,0,1.2460415,-135.0707,1,P21/c,1.2818,-148.5162,opt_1,11.6788,1.24,4.0,22
22,35,35,1.2248119,-128.041,36,C2/c,1.2237,-134.4772,opt_36,12.1406,1.2034,8.0,23
23,522,522,1.1997731000000003,-119.6815,523,PBCN,1.1798,-133.739,opt_523,12.1551,1.1493,8.0,24
24,2,2,1.2528658000000001,-132.0402,3,Pccn,1.2763,-140.6027,opt_3,12.1724,1.2337,8.0,25
25,29,29,1.2060369,-128.3612,30,PBCN,1.2377,-140.1929,opt_30,12.2585,1.2027,8.0,26
26,19,19,1.2299995000000001,-130.2425,20,PBCN,1.2656,-140.299,opt_20,12.479000000000001,1.2258,8.0,27
27,97,97,1.2108516000000002,-124.505,98,P21/c,1.2337,-138.9565,opt_98,12.4923,1.202,4.0,28
28,55,55,1.1971557,-125.9802,56,P21/c,1.246,-137.9106,opt_56,12.7916,1.2086,4.0,29
29,6,6,1.2500746,-131.7205,7,P21/c,1.2757,-146.2367,opt_7,13.3256,1.2313,4.0,30
30,9,9,1.2362323999999998,-131.1343,10,P-1,1.259,-142.1134,opt_10,13.356,1.2123,2.0,31
31,51,51,1.2257954,-126.257,52,P-1,1.2104,-134.5569,opt_52,13.3884,1.1837,2.0,32
32,255,255,1.1742468000000001,-121.8932,256,Pbca,1.2048,-132.9536,opt_256,13.5839,1.1735,8.0,33
33,13,13,1.2287902,-130.55898,14,P-1,1.2229,-138.4634,opt_14,13.6269,1.1971,2.0,34
34,24,24,1.2249666000000001,-129.9232,25,P212121,1.2306,-138.1879,opt_25,13.7227,1.1848,4.0,35
35,57,57,1.1804545,-125.8717,58,P21/c,1.1804,-140.0233,opt_58,13.7717,1.1399,4.0,36
36,489,489,1.1930684999999999,-119.8782,490,Pbca,1.1489,-134.6814,opt_490,14.1045,1.1142,8.0,37
37,95,95,1.2056838,-124.5062,96,P21/c,1.2147,-135.4991,opt_96,14.106,1.1871,4.0,38
38,160,160,1.2005907,-123.3166,161,P21/c,1.1846,-137.2879,opt_161,14.3591,1.1564,4.0,39
39,26,26,1.2247719,-129.8226,27,P21/c,1.259,-141.0831,opt_27,14.4448,1.2118,4.0,40
40,524,524,1.1720031000000002,-119.6796,525,PBCN,1.2037,-136.3687,opt_525,14.5621,1.1683,8.0,41
41,22,22,1.2303298,-130.0384,23,P21/c,1.2633,-141.3526,opt_23,14.629000000000001,1.2168,4.0,42
42,533,533,1.1997485,-119.62269599999999,534,Pca21,1.1963,-133.3204,opt_534,15.3367,1.164,4.0,43
43,61,61,1.2215704,-125.7104,62,P21/c,1.2092,-134.8638,opt_62,15.5588,1.1729,4.0,44
44,64,64,1.1908598,-125.5808,65,P-1,1.2108,-133.9672,opt_65,15.7474,1.1762,2.0,45
45,92,92,1.1750958999999999,-124.5537,93,C2/c,1.2243,-143.343,opt_93,15.8064,1.1851,8.0,46
46,40,40,1.2227858,-127.6465,41,C2/c,1.2277,-142.8284,opt_41,16.0152,1.2023,8.0,47
47,99,99,1.1857886,-124.4813,100,P21/c,1.2121,-137.7022,opt_100,16.0367,1.1764,4.0,48
48,326,326,1.1375503999999999,-121.1843,327,P-1,1.2056,-133.314,opt_327,16.2878,1.1748,2.0,49
49,17,17,1.2274513,-130.2976,18,P21/c,1.2613,-142.1979,opt_18,17.3586,1.2272,4.0,50
50,1,1,1.2457815,-134.9894,2,Pbca,1.2832,-138.896,,,,,51
51,4,4,1.2500691000000002,-131.7212,5,P21/c,1.2646,-138.1073,,,,,52
52,8,8,1.2500684,-131.7203,9,P21/c,1.2738,-146.1513,,,,,53
53,11,11,1.2246155,-130.9522,12,P-1,1.2522,-142.7766,,,,,54
54,12,12,1.2243025,-130.7779,13,P21/c,1.2515,-142.5856,,,,,55
55,14,14,1.2288948,-130.4917,15,P21/c,1.2429,-142.3988,,,,,56
56,16,16,1.2335622,-130.3722,17,PBCN,1.248,-133.895,,,,,57
57,20,20,1.2299432,-130.2201,21,P21/c,1.2196,-135.6715,,,,,58
58,21,21,1.2305233,-130.0994,22,P21/c,1.2513,-139.4293,,,,,59
59,23,23,1.2155818,-129.9547,24,Pbca,1.2526,-137.2458,,,,,60
60,25,25,1.2152094999999998,-129.8494,26,P-1,1.224,-143.6559,,,,,61
61,27,27,1.2063575,-128.4364,28,P-1,1.2495,-136.9249,,,,,62
62,28,28,1.2063012,-128.3659,29,P21/c,1.247,-136.9181,,,,,63
63,30,30,1.2060331,-128.3098,31,C2/c,1.243,-135.8871,,,,,64
64,31,31,1.1955072,-128.2302,32,Pca21,1.2587,-133.5213,,,,,65
65,32,32,1.1953733999999998,-128.14600000000002,33,C2/c,1.2263,-138.1294,,,,,66
66,33,33,1.2016668,-128.058,34,C2/c,1.2522,-134.2299,,,,,67
67,34,34,1.2249985,-128.0435,35,P-1,1.2229,-138.4642,,,,,68
68,36,36,1.2018003000000002,-128.0336,37,P212121,1.2707,-138.1395,,,,,69
69,37,37,1.2381441999999998,-127.7039,38,Pca21,1.2307,-132.4666,,,,,70
70,38,38,1.2383309999999998,-127.6752,39,P21/c,1.2543,-134.3099,,,,,71
71,39,39,1.2227955,-127.6468,40,Pbca,1.2351,-134.3553,,,,,72
72,41,41,1.2228,-127.6465,42,P21/c,1.2181,-134.4056,,,,,73
73,44,44,1.2292254999999999,-127.264,45,Pccn,1.2487,-135.6044,,,,,74
74,45,45,1.1860962,-127.2594,46,P21/c,1.222,-134.645,,,,,75
75,46,46,1.2289381000000001,-127.1579,47,P-1,1.2217,-136.5341,,,,,76
76,47,47,1.1924369,-126.86200000000001,48,P21/c,1.2587,-141.0314,,,,,77
77,48,48,1.1922977,-126.7711,49,P21,1.2679,-138.0994,,,,,78
78,49,49,1.2085021999999999,-126.507,50,C2/c,1.2463,-139.3343,,,,,79
79,50,50,1.2084321000000002,-126.4095,51,P21/c,1.2308,-133.5663,,,,,80
80,52,52,1.2129406999999999,-126.1815,53,P21/c,1.218,-134.4045,,,,,81
81,53,53,1.2128259,-126.15899999999999,54,C2/c,1.226,-136.5147,,,,,82
82,54,54,1.2254261999999998,-126.1104,55,PBCN,1.2301,-141.0465,,,,,83
83,56,56,1.1973908000000002,-125.9794,57,P2/c,1.2393,-131.2839,,,,,84
84,58,58,1.2219896000000001,-125.8396,59,P-1,1.2028,-137.6926,,,,,85
85,59,59,1.1803333,-125.8177,60,P-1,1.2389,-142.379,,,,,86
86,60,60,1.2105894,-125.7463,61,P-1,1.2221,-138.389,,,,,87
87,62,62,1.2106441000000001,-125.6739,63,P21/c,1.1967,-136.8891,,,,,88
88,63,63,1.2067662000000001,-125.5885,64,P21/c,1.1996,-140.0309,,,,,89
89,65,65,1.2066095,-125.4816,66,P-1,1.2147,-132.673,,,,,90
90,66,66,1.1906233999999998,-125.47758999999999,67,P21/c,1.2017,-137.8738,,,,,91
91,67,67,1.2188491000000001,-125.45135,68,C2/c,1.2317,-136.5521,,,,,92
92,69,69,1.1901803999999998,-125.3119,70,PBCN,1.2414,-129.0691,,,,,93
93,70,70,1.2188983,-125.2979,71,C2/c,1.2463,-132.2171,,,,,94
94,72,72,1.2257371000000001,-125.2591,73,P21/c,1.2198,-134.4401,,,,,95
95,73,73,1.220449,-125.0786,74,P-1,1.2203,-139.1058,,,,,96
96,75,75,1.1772861000000001,-125.013824,76,P-1,1.228,-135.2225,,,,,97
97,76,76,1.1896502,-124.9821,77,P-1,1.2055,-140.6598,,,,,98
98,77,77,1.1894103,-124.9431,78,P21/c,1.2142,-135.6719,,,,,99
99,78,78,1.1770949,-124.8949,79,P21/c,1.2457,-140.1254,,,,,100
100,79,79,1.2267053999999997,-124.8683,80,P21/c,1.2345,-143.5903,,,,,101
101,80,80,1.2266928999999998,-124.8418,81,P21/c,1.2179,-139.5481,,,,,102
102,81,81,1.2194339,-124.8243,82,P-1,1.2422,-132.607,,,,,103
103,83,83,1.2186924,-124.7624,84,Pca21,1.2476,-132.2524,,,,,104
104,84,84,1.2138956,-124.7604,85,P-1,1.2331,-132.5178,,,,,105
105,85,85,1.2194247,-124.7477,86,P21/c,1.2391,-143.3176,,,,,106
106,86,86,1.2138399,-124.7044,87,P21/c,1.2274,-131.6712,,,,,107
107,87,87,1.1918546,-124.6838,88,P21/c,1.2372,-135.6257,,,,,108
108,88,88,1.1753913,-124.6594,89,P21/c,1.2159,-135.018,,,,,109
109,89,89,1.1918215,-124.6399,90,P21/c,1.2,-133.0621,,,,,110
110,91,91,1.1895761,-124.5634,92,P21/c,1.2349,-131.3242,,,,,111
111,93,93,1.2056893999999998,-124.5068,94,P21/c,1.2575,-132.7779,,,,,112
112,94,94,1.2057083,-124.5063,95,P-1,1.211,-137.3752,,,,,113
113,96,96,1.2056906,-124.5059,97,P-1,1.2064,-132.4456,,,,,114
114,98,98,1.2105111000000002,-124.4993,99,P21/c,1.2271,-143.1674,,,,,115
115,100,100,1.1842806000000001,-124.4636,101,P21/c,1.2029,-131.714,,,,,116
116,101,101,1.1841972,-124.4197,102,C2/c,1.2337,-129.9794,,,,,117
117,102,102,1.2155629,-124.37799999999999,103,P21/c,1.244,-135.1082,,,,,118
118,103,103,1.1862426000000001,-124.3768,104,P21,1.2107,-134.2196,,,,,119
119,104,104,1.2225839,-124.3503,105,C2/c,1.1966,-134.7187,,,,,120
120,105,105,1.2149177,-124.3491,106,P21/c,1.218,-134.4002,,,,,121
121,106,106,1.2028978000000001,-124.3392,107,P21/c,1.204,-133.7938,,,,,122
122,107,107,1.2033,-124.3372,108,C2/c,1.2119,-136.7211,,,,,123
123,108,108,1.2225549,-124.3163,109,P21/c,1.2055,-139.1115,,,,,124
124,109,109,1.2127185,-124.29700000000001,110,Pbca,1.2083,-131.951,,,,,125
125,110,110,1.169761,-124.2886,111,P21/c,1.212,-137.1007,,,,,126
126,111,111,1.2125834,-124.2857,112,P-1,1.2028,-131.1205,,,,,127
127,112,112,1.1888832,-124.2809,113,C2/c,1.2127,-134.3462,,,,,128
128,113,113,1.1982018,-124.1951,114,P21/c,1.2407,-142.2231,,,,,129
129,114,114,1.1868284,-124.1932,115,P-1,1.2365,-138.9012,,,,,130
130,115,115,1.1980143,-124.1898,116,C2/c,1.2187,-130.2424,,,,,131
131,116,116,1.1889458000000002,-124.1879,117,P21/c,1.2211,-130.0088,,,,,132
132,117,117,1.1695539,-124.1856,118,P21/c,1.2366,-137.5825,,,,,133
133,118,118,1.1868664,-124.1748,119,P21/c,1.2072,-134.2274,,,,,134
134,119,119,1.2057598,-124.1465,120,PBCN,1.23,-133.8692,,,,,135
135,120,120,1.2131925,-124.1254,121,P21/c,1.2101,-132.8107,,,,,136
136,121,121,1.2129493999999998,-124.0996,122,P2/c,1.2373,-134.8861,,,,,137
137,122,122,1.1372273000000002,-124.0921,123,C2/c,1.1964,-134.7542,,,,,138
138,123,123,1.2054221999999999,-124.0538,124,Pca21,1.2076,-132.6622,,,,,139
139,124,124,1.1670238000000002,-124.0371,125,P21/c,1.2264,-131.5587,,,,,140
140,126,126,1.1666803,-124.0007,127,Cc,1.1949,-130.6158,,,,,141
141,127,127,1.1931416000000001,-123.991,128,P21/c,1.2419,-132.3237,,,,,142
142,128,128,1.1867126000000001,-123.9197,129,P-1,1.1959,-132.9465,,,,,143
143,129,129,1.1930273999999998,-123.9077,130,P-1,1.2153,-136.8315,,,,,144
144,130,130,1.1990726,-123.8869,131,P-1,1.2056,-140.6945,,,,,145
145,131,131,1.1683666000000001,-123.8868,132,PBCN,1.2061,-142.1344,,,,,146
146,132,132,1.1593517,-123.88,133,C2/c,1.2298,-139.3464,,,,,147
147,133,133,1.1895082000000001,-123.8591,134,P21/c,1.2405,-135.685,,,,,148
148,134,134,1.184013,-123.8551,135,P21/c,1.202,-135.4193,,,,,149
149,135,135,1.1788032,-123.8255,136,P-1,1.1892,-134.1849,,,,,150
150,136,136,1.1787492,-123.8161,137,C2/c,1.235,-133.4175,,,,,151
151,137,137,1.1842247,-123.8145,138,C2/c,1.2463,-132.37,,,,,152
152,138,138,1.1590253000000001,-123.7559,139,P-1,1.2077,-132.0908,,,,,153
153,139,139,1.1987318,-123.7553,140,P21/c,1.2435,-133.8468,,,,,154
154,140,140,1.1678568999999999,-123.7509,141,C2/c,1.2203,-130.63,,,,,155
155,141,141,1.195175,-123.7404,142,P21/c,1.2473,-130.5386,,,,,156
156,142,142,1.1890421,-123.7068,143,P21/c,1.1983,-140.5602,,,,,157
157,143,143,1.1863056,-123.7025,144,Pbca,1.2308,-134.1874,,,,,158
158,144,144,1.195007,-123.6686,145,P-1,1.2172,-132.1585,,,,,159
159,145,145,1.202748,-123.6464,146,P21/c,1.2115,-139.7181,,,,,160
160,146,146,1.2206843,-123.6091,147,P-1,1.1834,-133.0255,,,,,161
161,147,147,1.2206876,-123.6085,148,P21/c,1.2254,-133.2062,,,,,162
162,148,148,1.2026098,-123.5785,149,P21/c,1.2055,-132.7446,,,,,163
163,149,149,1.2124356,-123.5674,150,P-1,1.2175,-129.4796,,,,,164
164,150,150,1.212118,-123.535,151,P21/c,1.204,-130.7332,,,,,165
165,151,151,1.1726858999999998,-123.52,152,P21/c,1.1969,-131.8641,,,,,166
166,152,152,1.1888502,-123.4484,153,P212121,1.2326,-131.3925,,,,,167
167,153,153,1.1726618999999998,-123.4306,154,P-1,1.2331,-132.5079,,,,,168
168,154,154,1.1876634,-123.4249,155,P-1,1.1716,-137.1394,,,,,169
169,155,155,1.1876364,-123.3812,156,C2/c,1.2057,-133.7968,,,,,170
170,156,156,1.173138,-123.3702,157,P21,1.2334,-130.7091,,,,,171
171,157,157,1.1896284,-123.3638,158,P2/c,1.222,-127.9991,,,,,172
172,158,158,1.184496,-123.3461,159,P2/c,1.1846,-134.1248,,,,,173
173,159,159,1.1896043,-123.3267,160,C2/c,1.2109,-133.9995,,,,,174
174,161,161,1.2004231,-123.3076,162,P21/c,1.2033,-142.9137,,,,,175
175,162,162,1.1886777,-123.3055,163,P21/c,1.212,-131.1481,,,,,176
176,163,163,1.1729721000000002,-123.2769,164,P21/c,1.2392,-137.863,,,,,177
177,164,164,1.1992611,-123.2754,165,P21/c,1.1847,-134.5891,,,,,178
178,165,165,1.1948242,-123.2687,166,P-1,1.1863,-133.483,,,,,179
179,166,166,1.1819168,-123.2627,167,P21212,1.2325,-130.104,,,,,180
180,167,167,1.1993035,-123.2573,168,P21/c,1.2469,-136.8878,,,,,181
181,168,168,1.1813368,-123.2556,169,P21/c,1.229,-130.9924,,,,,182
182,169,169,1.1844771,-123.2555,170,C2/c,1.216,-133.3824,,,,,183
183,170,170,1.1948893,-123.2457,171,P-1,1.2153,-136.8356,,,,,184
184,171,171,1.2003393,-123.21198999999999,172,P2/c,1.2,-132.9949,,,,,185
185,172,172,1.1894174,-123.1737,173,P21/c,1.2241,-134.2854,,,,,186
186,173,173,1.2120132,-123.15299999999999,174,C2/c,1.2447,-130.7331,,,,,187
187,174,174,1.2119306,-123.151794,175,P21/c,1.2123,-134.293,,,,,188
188,175,175,1.2024871000000001,-123.1384,176,C2/c,1.2063,-136.5652,,,,,189
189,176,176,1.1967111000000001,-123.1357,177,P-1,1.2272,-131.6816,,,,,190
190,177,177,1.1967766000000002,-123.12199,178,C2/c,1.23,-131.7641,,,,,191
191,178,178,1.2052858999999998,-123.111,179,P-1,1.222,-129.1178,,,,,192
192,179,179,1.2001711000000002,-123.103,180,P21/c,1.234,-132.6639,,,,,193
193,180,180,1.2024915,-123.101,181,P212121,1.2305,-131.3439,,,,,194
194,181,181,1.1953895,-123.0872,182,P21/c,1.236,-131.618,,,,,195
195,182,182,1.1867694,-123.08083,183,P21,1.2286,-132.2367,,,,,196
196,183,183,1.2049003,-123.0668,184,C2/c,1.2209,-130.7911,,,,,197
197,184,184,1.1753582,-123.0362,185,Pbca,1.2068,-132.3104,,,,,198
198,185,185,1.1950268,-123.0155,186,P21/c,1.2127,-122.4708,,,,,199
199,186,186,1.1700888999999999,-122.9927,187,P21/c,1.2123,-138.8723,,,,,200
200,187,187,1.1892478000000002,-122.9914,188,Pca21,1.2403,-131.5738,,,,,201
201,188,188,1.1752886999999999,-122.9843,189,P21/c,1.1864,-128.2286,,,,,202
202,189,189,1.2018726,-122.9779,190,C2/c,1.2186,-131.9505,,,,,203
203,190,190,1.1805855,-122.9218,191,P21/c,1.2305,-129.3561,,,,,204
204,191,191,1.2160559,-122.9199,192,C2/c,1.2046,-142.1748,,,,,205
205,192,192,1.201619,-122.917,193,C2/c,1.2306,-136.3935,,,,,206
206,193,193,1.1864318999999999,-122.9057,194,C2/c,1.1894,-127.9674,,,,,207
207,194,194,1.1807028999999998,-122.9033,195,P21/c,1.2346,-133.9722,,,,,208
208,195,195,1.1701338,-122.87200000000001,196,P-1,1.1988,-127.788,,,,,209
209,196,196,1.2158642,-122.8667,197,P-1,1.2159,-128.7403,,,,,210
210,197,197,1.1799225,-122.8636,198,Pna21,1.2243,-126.3549,,,,,211
211,198,198,1.1799226,-122.8285,199,Pbca,1.1939,-133.4239,,,,,212
212,199,199,1.1766492,-122.7432,200,C2/c,1.2129,-126.1522,,,,,213
213,200,200,1.1868898,-122.7284,201,P-1,1.2044,-138.9029,,,,,214
214,201,201,1.1784368,-122.7213,202,Cc,1.2025,-136.0305,,,,,215
215,202,202,1.1766216999999999,-122.6922,203,C2/c,1.1869,-131.6629,,,,,216
216,203,203,1.1967276000000002,-122.6742,204,P21/c,1.244,-135.101,,,,,217
217,204,204,1.1784731000000002,-122.65508999999999,205,P21/c,1.2325,-133.4651,,,,,218
218,205,205,1.1801057,-122.5625,206,C2/c,1.2162,-126.901,,,,,219
219,206,206,1.1801361000000001,-122.5422,207,P21/c,1.2144,-132.999,,,,,220
220,207,207,1.1767184,-122.5414,208,C2/c,1.2276,-127.446,,,,,221
221,208,208,1.1622777,-122.5354,209,P21/c,1.1913,-131.5105,,,,,222
222,209,209,1.2056632999999999,-122.5274,210,P21/c,1.1943,-130.7519,,,,,223
223,210,210,1.1964223,-122.5033,211,P212121,1.1738,-129.388,,,,,224
224,211,211,1.1619635,-122.4975,212,P-1,1.1544,-135.8105,,,,,225
225,212,212,1.2094481000000001,-122.4934,213,P-1,1.2364,-138.8428,,,,,226
226,213,213,1.2093338,-122.4892,214,C2,1.2492,-131.0006,,,,,227
227,214,214,1.1764006999999999,-122.4858,215,P21/c,1.2217,-127.4842,,,,,228
228,215,215,1.1677256,-122.4708,216,Pna21,1.2179,-138.1068,,,,,229
229,216,216,1.1794068000000002,-122.468254,217,Pbca,1.231,-134.8723,,,,,230
230,217,217,1.1680263000000002,-122.4509,218,C2/c,1.1815,-130.15,,,,,231
231,218,218,1.1807477,-122.4475,219,P21/c,1.1958,-134.4154,,,,,232
232,219,219,1.2050581,-122.4271,220,P-1,1.2269,-130.9475,,,,,233
233,220,220,1.1676183,-122.3994,221,P21/c,1.2281,-140.8765,,,,,234
234,221,221,1.1676471000000002,-122.3946,222,P21/c,1.1832,-133.5503,,,,,235
235,222,222,1.1805188999999998,-122.3627,223,P-1,1.2247,-132.1958,,,,,236
236,223,223,1.2044489,-122.361,224,C2/c,1.2175,-133.0405,,,,,237
237,224,224,1.1795045,-122.3131,225,P-1,1.1533,-136.5912,,,,,238
238,225,225,1.1691406000000002,-122.2706,226,P21/c,1.1969,-132.0923,,,,,239
239,226,226,1.1695068000000002,-122.2539,227,P2/c,1.2129,-130.6273,,,,,240
240,227,227,1.1694796,-122.2379,228,P21/c,1.197,-131.8741,,,,,241
241,228,228,1.168874,-122.1981,229,C2/c,1.204,-125.6585,,,,,242
242,229,229,1.1811337,-122.185,230,C2/c,1.1972,-132.0227,,,,,243
243,230,230,1.1878048,-122.1757,231,P21/c,1.1969,-132.0689,,,,,244
244,231,231,1.1811936,-122.1643,232,C2/c,1.2134,-127.1489,,,,,245
245,232,232,1.1761556,-122.1166,233,P21/c,1.2236,-128.5736,,,,,246
246,233,233,1.1838098,-122.0992,234,C2/c,1.2176,-130.1622,,,,,247
247,234,234,1.187654,-122.0917,235,P-1,1.211,-137.3725,,,,,248
248,235,235,1.19925,-122.0758,236,C2/c,1.2446,-130.711,,,,,249
249,236,236,1.1979623,-122.0476,237,P21/c,1.1885,-128.5418,,,,,250
250,238,238,1.1979238,-122.0073,239,C2/c,1.2075,-133.894,,,,,251
251,239,239,1.1755928,-122.0024,240,C2/c,1.2089,-137.5164,,,,,252
252,240,240,1.1860305,-122.0012,241,P21/c,1.2269,-130.0737,,,,,253
253,241,241,1.1905588,-121.9739,242,P212121,1.24,-129.4484,,,,,254
254,242,242,1.1924128999999999,-121.95,243,P21212,1.248,-130.9337,,,,,255
255,243,243,1.1926072,-121.9486,244,PBCN,1.2347,-129.3457,,,,,256
256,244,244,1.1741098,-121.9451,245,P21/c,1.2194,-132.4954,,,,,257
257,245,245,1.1882875,-121.9385,246,P-1,1.2127,-129.1421,,,,,258
258,246,246,1.1775185,-121.9299,247,C2/c,1.2049,-132.5129,,,,,259
259,247,247,1.2016318000000001,-121.9205,248,P-1,1.2231,-130.3694,,,,,260
260,248,248,1.1773757,-121.9153,249,P21/c,1.2102,-133.3224,,,,,261
261,249,249,1.1879138,-121.912,250,Pbca,1.1716,-133.8265,,,,,262
262,250,250,1.1859993999999998,-121.9024,251,P21/c,1.2271,-143.1697,,,,,263
263,251,251,1.1613288999999998,-121.8994,252,C2/c,1.2342,-128.2813,,,,,264
264,252,252,1.1712501,-121.8982,253,P212121,1.2121,-134.3758,,,,,265
265,253,253,1.1905019,-121.8947,254,Iba2,1.2301,-129.6964,,,,,266
266,254,254,1.1834002000000001,-121.8935,255,Pbca,1.2316,-135.1568,,,,,267
267,256,256,1.2006445,-121.8876,257,Fdd2,1.2334,-132.1282,,,,,268
268,257,257,1.1613073,-121.8865,258,Pccn,1.2136,-131.8038,,,,,269
269,258,258,1.1711568,-121.8816,259,P2/c,1.2171,-123.8722,,,,,270
270,259,259,1.1969045,-121.8764,260,P-1,1.1421,-127.1866,,,,,271
271,260,260,1.1968898000000001,-121.867,261,P-1,1.1836,-132.9326,,,,,272
272,261,261,1.1704493,-121.8634,262,P2/c,1.1793,-130.9201,,,,,273
273,262,262,1.2010293,-121.8501,263,C2/c,1.2158,-132.1651,,,,,274
274,263,263,1.166377,-121.8445,264,P21/c,1.0886,-132.9002,,,,,275
275,264,264,1.2012836999999998,-121.8387,265,P2/c,1.2233,-136.4943,,,,,276
276,265,265,1.1706171,-121.8297,266,P21/c,1.2117,-127.1225,,,,,277
277,267,267,1.1710436000000002,-121.8107,268,P-1,1.18,-129.766,,,,,278
278,268,268,1.200525,-121.8092,269,P21/c,1.1902,-130.4848,,,,,279
279,269,269,1.1656908000000001,-121.7997,270,Pbca,1.2123,-133.7757,,,,,280
280,270,270,1.170403,-121.7942,271,C2/c,1.2173,-132.9735,,,,,281
281,271,271,1.1705472,-121.7914,272,C2/c,1.2044,-128.0875,,,,,282
282,272,272,1.2009482,-121.7801,273,P212121,1.2196,-132.5366,,,,,283
283,273,273,1.1709006000000002,-121.7776,274,C2/c,1.2071,-133.61,,,,,284
284,274,274,1.1655116,-121.7545,275,P21/c,1.2325,-134.1749,,,,,285
285,275,275,1.1851374,-121.7246,276,P-1,1.2145,-132.0297,,,,,286
286,276,276,1.2036624,-121.7236,277,P21/c,1.196,-128.7178,,,,,287
287,277,277,1.1677091,-121.7165,278,C2/c,1.222,-126.7317,,,,,288
288,278,278,1.1849017,-121.7009,279,C2/c,1.2076,-129.8604,,,,,289
289,279,279,1.1812804,-121.6722,280,P21/c,1.1864,-130.0402,,,,,290
290,280,280,1.1811675,-121.6688,281,P21/c,1.1911,-127.5294,,,,,291
291,281,281,1.2036921,-121.6676,282,P-1,1.2078,-130.1924,,,,,292
292,282,282,1.164543,-121.6514,283,P21/c,1.2222,-135.6726,,,,,293
293,283,283,1.1983142,-121.6505,284,C2/c,1.155,-130.0,,,,,294
294,284,284,1.2038069,-121.635,285,C2/c,1.1882,-127.8057,,,,,295
295,285,285,1.1658646000000001,-121.6296,286,P21/c,1.2224,-135.0446,,,,,296
296,286,286,1.1660751,-121.6159,287,Pbca,1.1673,-132.8465,,,,,297
297,287,287,1.2125921999999998,-121.6105,288,P-1,1.22,-138.0451,,,,,298
298,288,288,1.1985993000000001,-121.6081,289,P21/c,1.2125,-138.594,,,,,299
299,289,289,1.1886153999999998,-121.5883,290,P21/c,1.2166,-132.7623,,,,,300
300,290,290,1.166675,-121.5872,291,Pna21,1.1846,-131.2945,,,,,301
301,291,291,1.1886473,-121.5777,292,PBCN,1.1963,-140.3941,,,,,302
302,292,292,1.2125603,-121.5759,293,C2/c,1.1945,-127.0548,,,,,303
303,293,293,1.2035521999999998,-121.5726,294,P-1,1.2006,-128.7164,,,,,304
304,294,294,1.1641977,-121.5723,295,P21/c,1.1927,-134.4281,,,,,305
305,295,295,1.2119901000000002,-121.5716,296,C2/c,1.1969,-122.3223,,,,,306
306,296,296,1.2120309999999999,-121.5627,297,P21/c,1.2061,-130.9737,,,,,307
307,297,297,1.1757745000000002,-121.55279499999999,298,P21/c,1.1912,-136.7355,,,,,308
308,298,298,1.1752566999999998,-121.506,299,C2/c,1.2162,-130.4914,,,,,309
309,299,299,1.1917603,-121.5038,300,PBCN,1.1981,-129.9952,,,,,310
310,300,300,1.1918073,-121.4866,301,P21/c,1.204,-130.7299,,,,,311
311,301,301,1.1868409,-121.4781,302,P21/c,1.2218,-131.5275,,,,,312
312,302,302,1.1867162,-121.4622,303,P-1,1.1928,-127.4886,,,,,313
313,303,303,1.173122,-121.4547,304,I41/a,1.1348,-125.6082,,,,,314
314,304,304,1.1476495,-121.4443,305,P21/c,1.207,-136.1301,,,,,315
315,305,305,1.1730843,-121.4111,306,C2/c,1.2132,-127.2416,,,,,316
316,306,306,1.1476847,-121.3863,307,C2/c,1.2282,-127.9946,,,,,317
317,307,307,1.1868515,-121.3756,308,Pnna,1.2115,-128.3586,,,,,318
318,308,308,1.1611573999999998,-121.3617,309,Pbca,1.1919,-138.8235,,,,,319
319,309,309,1.1859984,-121.33,310,P21/c,1.2194,-132.2579,,,,,320
320,310,310,1.2139041000000002,-121.3142,311,C2/c,1.1968,-131.9099,,,,,321
321,311,311,1.1822015,-121.3044,312,P-1,1.15,-124.7475,,,,,322
322,312,312,1.1822052,-121.3041,313,P21/c,1.1897,-131.8449,,,,,323
323,313,313,1.1822021,-121.304,314,P-1,1.1463,-133.1539,,,,,324
324,314,314,1.1821805,-121.304,315,P21/c,1.1967,-133.378,,,,,325
325,315,315,1.1821928999999998,-121.3039,316,P-1,1.1949,-132.2796,,,,,326
326,316,316,1.1821827,-121.3039,317,P-1,1.1827,-131.3405,,,,,327
327,317,317,1.1821985000000002,-121.3038,318,P-421c,1.2362,-126.54,,,,,328
328,318,318,1.1700488000000002,-121.298996,319,P21/c,1.1826,-137.6942,,,,,329
329,319,319,1.1608707,-121.2989,320,P21/c,1.1987,-132.7266,,,,,330
330,320,320,1.1699666000000002,-121.2765,321,P-1,1.2055,-132.5377,,,,,331
331,321,321,1.2134588,-121.2523,322,C2/c,1.1685,-127.7587,,,,,332
332,322,322,1.1896799,-121.2513,323,P21/c,1.2338,-138.985,,,,,333
333,323,323,1.1965902,-121.2212,324,P-1,1.1697,-128.2117,,,,,334
334,324,324,1.1896592,-121.2053,325,P212121,1.2018,-137.2904,,,,,335
335,325,325,1.1966279,-121.193,326,Pna21,1.2313,-132.0345,,,,,336
336,327,327,1.1722082,-121.1364,328,P21/c,1.2289,-130.9735,,,,,337
337,328,328,1.1957046999999998,-121.1308,329,P21/c,1.218,-133.9526,,,,,338
338,329,329,1.1371658000000002,-121.1062,330,PBCN,1.2287,-128.6309,,,,,339
339,330,330,1.2138262,-121.1011,331,P21/c,1.2032,-142.9062,,,,,340
340,331,331,1.161571,-121.0874,332,P-1,1.213,-131.2694,,,,,341
341,332,332,1.1956716,-121.0834,333,C2/c,1.2,-136.8265,,,,,342
342,333,333,1.172045,-121.0762,334,C2/c,1.2085,-134.2319,,,,,343
343,334,334,1.183486,-121.0664,335,C2/c,1.1996,-132.7719,,,,,344
344,335,335,1.1503533000000001,-121.0561,336,Pbca,1.2031,-132.9048,,,,,345
345,336,336,1.1737161,-121.04899999999999,337,P-1,1.2144,-132.0238,,,,,346
346,337,337,1.1616464,-121.0395,338,P21/c,1.2514,-142.5451,,,,,347
347,338,338,1.1712136,-121.0362,339,P21/c,1.1741,-130.4072,,,,,348
348,339,339,1.1736485,-121.0254,340,Pccn,1.1894,-128.5128,,,,,349
349,340,340,1.2002561999999999,-121.0224,341,PBCN,1.2165,-130.456,,,,,350
350,341,341,1.1835921999999999,-121.0205,342,I41/a,1.2074,-118.8081,,,,,351
351,342,342,1.1514031999999998,-121.0197,343,P-1,1.2148,-133.6306,,,,,352
352,344,344,1.1711159,-121.0086,345,P-1,1.1672,-126.387,,,,,353
353,345,345,1.1938790000000001,-120.9869,346,P21/c,1.2143,-127.6558,,,,,354
354,346,346,1.1939808,-120.97200000000001,347,P21/c,1.2135,-135.5941,,,,,355
355,347,347,1.1501618999999998,-120.9668,348,C2/c,1.2136,-130.6826,,,,,356
356,348,348,1.1530135,-120.9653,349,Fdd2,1.2234,-130.5656,,,,,357
357,349,349,1.2138073,-120.9532,350,P2/c,1.2283,-120.4026,,,,,358
358,350,350,1.1959307,-120.9389,351,P21/c,1.215,-127.7213,,,,,359
359,351,351,1.1512236999999998,-120.9389,352,P21/c,1.1976,-133.7284,,,,,360
360,352,352,1.1898656,-120.9326,353,P-1,1.2497,-136.9772,,,,,361
361,353,353,1.1911188,-120.9299,354,Pccn,1.1898,-132.1063,,,,,362
362,354,354,1.1959555,-120.9291,355,Pccn,1.2069,-125.3404,,,,,363
363,355,355,1.1914103,-120.9247,356,P-1,1.199,-129.5143,,,,,364
364,356,356,1.1873637,-120.8766,357,P-1,1.1955,-137.3181,,,,,365
365,357,357,1.1528924999999999,-120.8725,358,C2/c,1.2169,-123.7462,,,,,366
366,358,358,1.1683867000000001,-120.8623,359,P21/c,1.227,-136.8361,,,,,367
367,359,359,1.1941003000000001,-120.8388,360,P21/c,1.208,-129.3403,,,,,368
368,360,360,1.1871657,-120.8076,361,C2/c,1.1774,-125.9136,,,,,369
369,361,361,1.1680803,-120.8004,362,P21/c,1.2098,-134.8885,,,,,370
370,362,362,1.1872298000000001,-120.7879,363,C2/c,1.1776,-126.9639,,,,,371
371,363,363,1.2023523,-120.7785,364,C2/c,1.1433,-131.3692,,,,,372
372,364,364,1.1934566,-120.7671,365,P-1,1.2071,-127.5038,,,,,373
373,365,365,1.2021511,-120.7529,366,Pbca,1.2015,-130.6658,,,,,374
374,366,366,1.1759946000000001,-120.7511,367,P21/c,1.2104,-127.8096,,,,,375
375,367,367,1.1759833,-120.7505,368,Pccn,1.2207,-130.2099,,,,,376
376,368,368,1.1705669,-120.7413,369,C2/c,1.1889,-133.3126,,,,,377
377,369,369,1.1873616000000002,-120.7403,370,P-1,1.1924,-132.7846,,,,,378
378,370,370,1.1873301,-120.7383,371,C2/c,1.2176,-133.0626,,,,,379
379,371,371,1.1996765,-120.7382,372,C2/c,1.216,-128.993,,,,,380
380,372,372,1.1771358,-120.7275,373,P-1,1.222,-138.3935,,,,,381
381,373,373,1.2066938,-120.7033,374,P21/c,1.1628,-131.0168,,,,,382
382,374,374,1.1771615,-120.70100000000001,375,P21/c,1.1628,-131.0163,,,,,383
383,375,375,1.1948357,-120.6968,376,P21/c,1.2003,-138.5305,,,,,384
384,376,376,1.204877,-120.6967,377,P21/c,1.1841,-131.584,,,,,385
385,377,377,1.1995817,-120.6702,378,Pbca,1.2106,-138.0578,,,,,386
386,378,378,1.2048163,-120.6649,379,P212121,1.2261,-127.5737,,,,,387
387,379,379,1.1875132,-120.6622,380,P-1,1.1496,-123.7991,,,,,388
388,380,380,1.2065735,-120.6475,381,C2/c,1.1754,-124.6767,,,,,389
389,381,381,1.1703928999999997,-120.6451,382,P21/c,1.231,-129.784,,,,,390
390,382,382,1.193057,-120.6345,383,P-1,1.1764,-133.4175,,,,,391
391,383,383,1.2033625,-120.6301,384,P21/c,1.2113,-142.8555,,,,,392
392,384,384,1.1947423000000001,-120.6259,385,P212121,1.2019,-137.3066,,,,,393
393,385,385,1.1804321000000002,-120.6148,386,C2/c,1.2205,-126.9477,,,,,394
394,386,386,1.2144584999999999,-120.6146,387,Pbca,1.1878,-131.5032,,,,,395
395,387,387,1.2033951,-120.6103,388,P21/c,1.2061,-130.9777,,,,,396
396,388,388,1.1718805,-120.6042,389,C2/c,1.1968,-131.9069,,,,,397
397,389,389,1.1929100000000001,-120.59479499999999,390,P212121,1.2205,-133.0564,,,,,398
398,390,390,1.2070167,-120.5839,391,PBCN,1.1918,-134.1236,,,,,399
399,391,391,1.2070334999999999,-120.568,392,P21/c,1.1909,-123.5731,,,,,400
400,392,392,1.2144413,-120.5655,393,P21/c,1.1897,-128.4443,,,,,401
401,393,393,1.1718695,-120.55,394,C2/c,1.1946,-131.1185,,,,,402
402,394,394,1.1804321000000002,-120.5434,395,P21/c,1.1741,-130.3976,,,,,403
403,395,395,1.1511428,-120.5404,396,C2/c,1.2064,-130.1324,,,,,404
404,396,396,1.1885101999999999,-120.5345,397,C2/c,1.1967,-133.8467,,,,,405
405,397,397,1.2026907,-120.5192,398,P21/c,1.1797,-130.9798,,,,,406
406,398,398,1.2027903999999998,-120.4814,399,P21/c,1.2021,-128.8145,,,,,407
407,399,399,1.1879171,-120.4803,400,PBCN,1.2165,-128.8754,,,,,408
408,400,400,1.1647938,-120.467995,401,P21/c,1.1744,-131.5901,,,,,409
409,401,401,1.1647195,-120.461,402,P-1,1.1863,-134.4635,,,,,410
410,402,402,1.1510453999999999,-120.4559,403,P21/c,1.2148,-134.1535,,,,,411
411,403,403,1.1939416,-120.4482,404,P-1,1.1719,-127.5147,,,,,412
412,404,404,1.2043816,-120.428,405,C2/c,1.1896,-120.0074,,,,,413
413,405,405,1.1939982,-120.42518999999999,406,PBCN,1.2004,-124.6726,,,,,414
414,406,406,1.1712902,-120.4199,407,P-1,1.1377,-126.707,,,,,415
415,407,407,1.1896148000000002,-120.4068,408,P21/c,1.2016,-135.6025,,,,,416
416,408,408,1.2066793,-120.4036,409,P21/c,1.2038,-127.2533,,,,,417
417,409,409,1.2066776000000001,-120.4031,410,C2/c,1.1852,-133.9144,,,,,418
418,410,410,1.175805,-120.40299999999999,411,P21/c,1.2116,-131.6121,,,,,419
419,411,411,1.1713183999999999,-120.3867,412,C2/c,1.1996,-132.8354,,,,,420
420,412,412,1.1758859,-120.3674,413,C2/c,1.2064,-130.1352,,,,,421
421,413,413,1.2165872,-120.3673,414,C2/c,1.2139,-127.479,,,,,422
422,414,414,1.2165829,-120.3668,415,P21/c,1.2159,-136.6775,,,,,423
423,415,415,1.2165918,-120.3664,416,PBCN,1.1975,-123.1632,,,,,424
424,416,416,1.2165953999999999,-120.3662,417,C2/c,1.1876,-133.3167,,,,,425
425,417,417,1.216599,-120.3659,418,P21/c,1.208,-140.2734,,,,,426
426,418,418,1.2166057,-120.3658,419,P21/c,1.1976,-134.1145,,,,,427
427,419,419,1.1857554,-120.3533,420,P-1,1.1879,-132.7934,,,,,428
428,420,420,1.1893797,-120.3457,421,P21/c,1.201,-132.7202,,,,,429
429,421,421,1.2000566000000001,-120.3099,422,C2/c,1.2077,-129.8737,,,,,430
430,422,422,1.2000362,-120.30938,423,C2/c,1.2204,-126.9195,,,,,431
431,423,423,1.1568448999999998,-120.3031,424,P-1,1.1992,-129.5678,,,,,432
432,424,424,1.1569200000000002,-120.2996,425,P21/c,1.1898,-138.3616,,,,,433
433,425,425,1.18834,-120.2868,426,C2/c,1.1965,-130.0605,,,,,434
434,426,426,1.1567007,-120.2808,427,Pbca,1.2173,-130.2165,,,,,435
435,427,427,1.1678553,-120.2701,428,C2/c,1.2076,-129.8279,,,,,436
436,428,428,1.1678454,-120.27,429,C2/c,1.2173,-124.2713,,,,,437
437,429,429,1.1678282,-120.2698,430,P21/c,1.1728,-131.4793,,,,,438
438,430,430,1.1678633999999999,-120.2698,431,P21/c,1.2101,-127.833,,,,,439
439,431,431,1.1882348999999999,-120.2648,432,Pna21,1.214,-129.4074,,,,,440
440,432,432,1.1546236,-120.2546,433,P2/c,1.1993,-125.7942,,,,,441
441,433,433,1.174684,-120.2437,434,C2/c,1.2236,-127.9723,,,,,442
442,434,434,1.1929798,-120.2437,435,P21/c,1.19,-127.3013,,,,,443
443,435,435,1.1909174,-120.2127,436,C2/c,1.1969,-127.5645,,,,,444
444,436,436,1.1928669,-120.2071,437,C2/c,1.2015,-126.2488,,,,,445
445,437,437,1.1886892,-120.20100000000001,438,P-1,1.2123,-125.9375,,,,,446
446,438,438,1.1911621000000001,-120.1958,439,C2/c,1.1713,-131.8457,,,,,447
447,439,439,1.1563296,-120.1872,440,P-1,1.1866,-126.5627,,,,,448
448,440,440,1.204229,-120.1656,441,P21/c,1.198,-128.7973,,,,,449
449,441,441,1.1559840000000001,-120.1634,442,P21/c,1.1866,-131.6827,,,,,450
450,442,442,1.1856343,-120.1575,443,Fdd2,1.2266,-131.9494,,,,,451
451,443,443,1.1577813999999997,-120.1524,444,P21/c,1.1953,-132.4497,,,,,452
452,444,444,1.1543274,-120.131,445,Aba2,1.2084,-120.6559,,,,,453
453,445,445,1.1378373,-120.1238,446,PBCN,1.184,-123.3739,,,,,454
454,446,446,1.1164968000000002,-120.1187,447,Pca21,1.2192,-135.43,,,,,455
455,447,447,1.2058209,-120.1162,448,P-1,1.1495,-126.7596,,,,,456
456,448,448,1.2058537,-120.115,449,P21/c,1.198,-131.111,,,,,457
457,449,449,1.2058561,-120.1143,450,Cc,1.2154,-132.0974,,,,,458
458,450,450,1.2120203999999999,-120.11343000000001,451,Fdd2,1.2187,-132.5872,,,,,459
459,451,451,1.2063195,-120.1119,452,P-1,1.1755,-128.0288,,,,,460
460,452,452,1.1379721999999999,-120.1117,453,Pbca,1.2377,-130.0899,,,,,461
461,453,453,1.1557982,-120.1099,454,Pbca,1.1985,-129.866,,,,,462
462,454,454,1.1579438,-120.1096,455,PBCN,1.1991,-132.1782,,,,,463
463,455,455,1.2042167,-120.1036,456,P21/c,1.2003,-138.5206,,,,,464
464,456,456,1.1859734,-120.0924,457,P21/c,1.2345,-143.5946,,,,,465
465,457,457,1.211773,-120.083694,458,P-1,1.1993,-129.6244,,,,,466
466,458,458,1.1958171999999998,-120.0831,459,P21/c,1.2177,-130.2404,,,,,467
467,459,459,1.1961716,-120.0802,460,P21/c,1.1896,-131.2325,,,,,468
468,460,460,1.1164701000000001,-120.0791,461,P-1,1.2109,-134.031,,,,,469
469,461,461,1.1786121999999999,-120.0743,462,P21/c,1.1825,-131.0024,,,,,470
470,462,462,1.1522794,-120.0673,463,P21/c,1.2161,-129.7469,,,,,471
471,463,463,1.1858913,-120.0602,464,C2/c,1.1978,-126.9631,,,,,472
472,464,464,1.1861923,-120.0497,465,C2/c,1.1985,-126.1098,,,,,473
473,465,465,1.1885403,-120.04488,466,P21/c,1.2631,-141.2711,,,,,474
474,466,466,1.193597,-120.041,467,P-1,1.2124,-125.9674,,,,,475
475,467,467,1.2062659,-120.0377,468,P21/c,1.2197,-126.0421,,,,,476
476,468,468,1.1787379,-120.0352,469,P21/c,1.194,-128.815,,,,,477
477,469,469,1.1492225,-119.9998,470,I41/a,1.1599,-123.1858,,,,,478
478,470,470,1.1520791000000001,-119.9924,471,Aba2,1.2178,-124.6215,,,,,479
479,471,471,1.1911513999999999,-119.9923,472,P21/c,1.2139,-130.6049,,,,,480
480,472,472,1.1882943000000001,-119.9922,473,C2/c,1.1995,-126.231,,,,,481
481,473,473,1.1912246000000002,-119.9913,474,P-1,1.2176,-128.8155,,,,,482
482,474,474,1.1186489,-119.9873,475,P21/c,1.2079,-127.9852,,,,,483
483,475,475,1.1837937,-119.98387,476,P21/c,1.2024,-128.4969,,,,,484
484,476,476,1.1490295,-119.9675,477,C2/c,1.1605,-128.2506,,,,,485
485,477,477,1.1880966,-119.9658,478,C2/c,1.1996,-132.1047,,,,,486
486,478,478,1.1562568000000002,-119.9646,479,P-1,1.2099,-137.3805,,,,,487
487,479,479,1.1933171999999999,-119.9587,480,C2/c,1.1813,-128.7452,,,,,488
488,480,480,1.1939256,-119.9394,481,C2/c,1.1961,-128.9163,,,,,489
489,481,481,1.1747396,-119.9358,482,P21212,1.1609,-131.9088,,,,,490
490,482,482,1.1883373,-119.9349,483,P21/c,1.1861,-131.2997,,,,,491
491,483,483,1.1736386,-119.9201,484,P21/c,1.2077,-132.3031,,,,,492
492,484,484,1.1878494,-119.9114,485,Pbca,1.2031,-132.515,,,,,493
493,485,485,1.1858872999999999,-119.9046,486,P21/c,1.178,-134.1171,,,,,494
494,486,486,1.1859485,-119.9037,487,C2/c,1.1687,-132.5875,,,,,495
495,487,487,1.187232,-119.8929,488,P-1,1.157,-129.9275,,,,,496
496,488,488,1.1743860000000002,-119.8834,489,C2/c,1.184,-130.6888,,,,,497
497,490,490,1.1907485,-119.8644,491,P-1,1.2145,-132.0574,,,,,498
498,491,491,1.1750403999999999,-119.8643,492,Fdd2,1.1962,-126.6915,,,,,499
499,492,492,1.2135168,-119.8617,493,C2/c,1.1574,-124.1324,,,,,500
500,493,493,1.1533736,-119.8568,494,P21/c,1.1907,-130.3032,,,,,501
501,494,494,1.1646812,-119.8568,495,C2/c,1.1987,-122.1853,,,,,502
502,495,495,1.1752312,-119.8561,496,P21/c,1.1584,-137.7801,,,,,503
503,496,496,1.2134258999999998,-119.8543,497,Pna21,1.2293,-126.098,,,,,504
504,497,497,1.1648023,-119.8524,498,P-1,1.1949,-128.6541,,,,,505
505,498,498,1.1534327,-119.845,499,P21/c,1.1633,-129.0823,,,,,506
506,499,499,1.1871351,-119.8426,500,C2/c,1.1803,-123.2722,,,,,507
507,500,500,1.1638389,-119.8419,501,C2/c,1.2099,-128.308,,,,,508
508,501,501,1.1183807,-119.8363,502,P21/c,1.2034,-129.4047,,,,,509
509,502,502,1.1959114,-119.8302,503,P-1,1.2006,-128.7112,,,,,510
510,503,503,1.210046,-119.8252,504,C2/c,1.1792,-126.5875,,,,,511
511,504,504,1.1638316999999998,-119.82,505,Pbca,1.1913,-127.0785,,,,,512
512,505,505,1.1957556999999999,-119.82,506,P21/c,1.207,-126.506,,,,,513
513,506,506,1.2083275,-119.806,507,Pbca,1.172,-128.7616,,,,,514
514,507,507,1.2084138,-119.8038,508,C2/c,1.1945,-125.797,,,,,515
515,508,508,1.1868738,-119.7939,509,P-1,1.2008,-131.9845,,,,,516
516,509,509,1.1870943999999999,-119.7849,510,C2/c,1.1615,-127.5389,,,,,517
517,510,510,1.2005457,-119.76898999999999,511,P-1,1.2124,-125.9694,,,,,518
518,511,511,1.1904701000000002,-119.7668,512,P21/c,1.199,-135.8302,,,,,519
519,512,512,1.2099229,-119.7399,513,C2/c,1.1695,-128.8538,,,,,520
520,513,513,1.1826463,-119.7398,514,C2/c,1.1998,-127.3165,,,,,521
521,514,514,1.1725625,-119.7292,515,Fdd2,1.1706,-123.6212,,,,,522
522,515,515,1.1826894,-119.7189,516,P21/c,1.1783,-124.0629,,,,,523
523,516,516,1.1878575,-119.7109,517,P21/c,1.2051,-130.6171,,,,,524
524,517,517,1.1718427,-119.70508999999998,518,Pbca,1.1779,-123.7973,,,,,525
525,518,518,1.2003886000000001,-119.68399,519,P-1,1.1911,-127.0894,,,,,526
526,519,519,1.1997935,-119.6826,520,C2/c,1.1955,-124.2304,,,,,527
527,520,520,1.199776,-119.6821,521,P21/c,1.178,-134.1361,,,,,528
528,521,521,1.1997474,-119.6817,522,P-1,1.1813,-132.0921,,,,,529
529,523,523,1.1855048000000001,-119.6802,524,C2/c,1.2161,-124.2141,,,,,530
530,525,525,1.1598048,-119.6769,526,P21/c,1.1736,-127.9647,,,,,531
531,526,526,1.1356161,-119.6559,527,P21/c,1.1979,-128.7754,,,,,532
532,527,527,1.1784458999999998,-119.6519,528,C2/c,1.2083,-129.5093,,,,,533
533,528,528,1.1833107,-119.6514,529,P21/c,1.2162,-134.3443,,,,,534
534,529,529,1.1593742,-119.6485,530,C2/c,1.2055,-133.2971,,,,,535
535,530,530,1.2001614999999999,-119.6481,531,C2/c,1.2042,-130.7118,,,,,536
536,531,531,1.1999753,-119.6364,532,P21/c,1.2143,-123.5967,,,,,537
537,532,532,1.1356846,-119.6271,533,C2/c,1.1699,-132.0198,,,,,538
538,534,534,1.1785424999999998,-119.6204,535,P21/c,1.2099,-127.4729,,,,,539
539,535,535,1.1800363999999999,-119.6143,536,PBCN,1.2101,-125.8241,,,,,540
540,536,536,1.2001355,-119.6107,537,P21/c,1.1927,-130.661,,,,,541
541,537,537,1.1798406000000001,-119.5629,538,PBCN,1.1684,-126.3196,,,,,542
542,538,538,1.1929955,-119.5575,539,P2/c,1.1796,-124.2119,,,,,543
543,539,539,1.1826889999999999,-119.5489,540,C2/c,1.1679,-127.4186,,,,,544
544,540,540,1.1684618999999998,-119.538,541,C2/c,1.2102,-124.0927,,,,,545
545,541,541,1.2075325000000001,-119.5284,542,C2/c,1.1775,-125.9725,,,,,546
546,542,542,1.1985476000000002,-119.525,543,P2/c,1.2374,-134.9203,,,,,547
547,543,543,1.1931452,-119.514,544,P-1,1.1629,-126.4808,,,,,548
548,544,544,1.1779832000000001,-119.5011,545,P212121,1.1783,-133.4452,,,,,549
549,545,545,1.1875707,-119.4915,546,P21/c,1.1972,-127.201,,,,,550
550,546,546,1.189147,-119.4874,547,P21/c,1.1802,-137.6588,,,,,551
551,547,547,1.1780101,-119.4868,548,Pbca,1.2197,-125.1286,,,,,552
552,548,548,1.1981783000000001,-119.4859,549,P21/c,1.2088,-131.9094,,,,,553
553,549,549,1.1682944,-119.4755,550,P21/c,1.1908,-126.5681,,,,,554
554,550,550,1.1129218,-119.4689,551,P21/c,1.2119,-123.1694,,,,,555
555,551,551,1.1135187,-119.4609,552,P-1,1.163,-132.5846,,,,,556
556,552,552,1.1498704,-119.46,553,P-1,1.1543,-135.819,,,,,557
557,553,553,1.1826313,-119.4521,554,P21/c,1.1842,-130.0624,,,,,558
558,554,554,1.145649,-119.4419,555,P21/c,1.1694,-129.5227,,,,,559
559,555,555,1.1776265,-119.4305,556,Cc,1.2056,-136.7898,,,,,560
560,556,556,1.0629267,-119.4298,557,C2/c,1.2098,-125.7082,,,,,561
561,557,557,1.0629354,-119.4296,558,P21/c,1.2632,-141.2703,,,,,562
562,558,558,1.062919,-119.4291,559,Iba2,1.2019,-124.5493,,,,,563
563,559,559,1.062929,-119.4287,560,Pca21,1.1963,-133.3035,,,,,564
564,560,560,1.1889546999999998,-119.40706000000002,561,Pbca,1.1992,-127.9287,,,,,565
565,561,561,1.1496232,-119.3863,562,P21212,1.1651,-124.6639,,,,,566
566,562,562,1.1828415,-119.3719,563,P41212,1.1975,-129.926,,,,,567
567,563,563,1.1688938,-119.37100000000001,564,P21/c,1.2058,-131.3144,,,,,568
568,564,564,1.1745311999999999,-119.3698,565,C2/c,1.1677,-128.6994,,,,,569
569,565,565,1.1452463,-119.369,566,PBCN,1.1647,-125.6186,,,,,570
570,566,566,1.1745127,-119.3682,567,PBCN,1.2089,-122.1434,,,,,571
571,567,567,1.1831604,-119.36399999999999,568,P-1,1.1994,-131.4546,,,,,572
572,568,568,1.1556612,-119.3631,569,C2/c,1.2023,-127.3657,,,,,573
573,569,569,1.1773415,-119.3542,570,P21/c,1.1922,-132.3626,,,,,574
574,570,570,1.1689187,-119.3508,571,C2/c,1.1918,-133.0407,,,,,575
575,571,571,1.1713135000000001,-119.3443,572,P21/c,1.2064,-131.0921,,,,,576
576,572,572,1.1748593999999999,-119.3412,573,C2/c,1.1871,-122.6956,,,,,577
577,573,573,1.1454939,-119.337,574,C2/c,1.1659,-130.8432,,,,,578
578,574,574,1.1658688999999998,-119.3255,575,P21/c,1.1974,-134.1266,,,,,579
579,575,575,1.1713091999999998,-119.3232,576,P-1,1.2145,-125.164,,,,,580
580,576,576,1.1767648000000002,-119.3222,577,C2/c,1.2088,-122.6185,,,,,581
581,577,577,1.1450751000000001,-119.294,578,C2/c,1.199,-134.4554,,,,,582
582,578,578,1.1745263000000001,-119.2739,579,Pbca,1.2021,-133.4295,,,,,583
583,579,579,1.1627958999999999,-119.2331,580,P21/c,1.1977,-127.5288,,,,,584
584,580,580,1.1764968999999998,-119.231094,581,P21/c,1.1779,-126.1694,,,,,585
585,581,581,1.1981723,-119.2261,582,C2/c,1.1367,-125.7688,,,,,586
586,582,582,1.1767901,-119.2003,583,C2/c,1.1787,-125.7918,,,,,587
587,583,583,1.1618873,-119.1956,584,P21/c,1.2052,-129.5361,,,,,588
588,584,584,1.198158,-119.194,585,P-1,1.2058,-129.3963,,,,,589
589,585,585,1.2049248,-119.1914,586,C2/c,1.1745,-127.9928,,,,,590
590,586,586,1.1715052,-119.1879,587,Pna21,1.1868,-132.3215,,,,,591
591,587,587,1.1626874,-119.1764,588,C2/c,1.2123,-120.155,,,,,592
592,588,588,1.1551094,-119.1717,589,P212121,1.1673,-126.1653,,,,,593
593,589,589,1.1515683,-119.1585,590,C2/c,1.1971,-126.5395,,,,,594
594,590,590,1.1639953,-119.1579,591,P-1,1.1689,-126.8137,,,,,595
595,591,591,1.16184,-119.1579,592,C2/c,1.1813,-135.8664,,,,,596
596,593,593,1.1655503999999999,-119.1494,594,C2/c,1.2038,-123.7238,,,,,597
597,594,594,1.1867688,-119.146,595,P21/c,1.2165,-131.9559,,,,,598
598,595,595,1.1714698000000001,-119.1385,596,P21/c,1.2097,-129.9728,,,,,599
599,596,596,1.1539652,-119.13628,597,C2/c,1.2036,-127.9108,,,,,600
600,597,597,1.164116,-119.1317,598,P21/c,1.1454,-127.232,,,,,601
601,599,599,1.1534852,-119.0961,600,Cc,1.2056,-136.7887,,,,,602
602,600,600,1.1514726999999998,-119.0888,601,C2/c,1.1949,-127.0952,,,,,603
603,601,601,1.1866091,-119.0841,602,Pbca,1.2024,-134.7804,,,,,604
604,602,602,1.1471007,-119.0836,603,C2/c,1.1883,-129.4233,,,,,605
605,603,603,1.1353076000000002,-119.0782,604,C2/c,1.2054,-133.2679,,,,,606
606,604,604,1.1471062,-119.0761,605,P21/c,1.2104,-125.3181,,,,,607
607,605,605,1.1531416,-119.061,606,P-1,1.1785,-130.5266,,,,,608
608,606,606,1.1541077,-119.057,607,P21/c,1.1543,-127.7801,,,,,609
609,607,607,1.180097,-119.053,608,P-1,1.1697,-128.2058,,,,,610
610,608,608,1.1783581,-119.0462,609,C2/c,1.2277,-142.825,,,,,611
611,609,609,1.204801,-119.0314,610,Pbca,1.1662,-123.3672,,,,,612
612,610,610,1.1693722,-119.0306,611,C2/c,1.219,-127.7506,,,,,613
613,611,611,1.1693815,-119.0304,612,Pccn,1.1827,-128.8876,,,,,614
614,612,612,1.1693825,-119.0301,613,P21/c,1.1867,-134.0866,,,,,615
615,613,613,1.1693015,-119.0289,614,C2/c,1.1608,-127.8997,,,,,616
616,614,614,1.1693828000000002,-119.0285,615,C2/c,1.2116,-122.9835,,,,,617
617,615,615,1.1693797,-119.0285,616,P21/c,1.2179,-124.6316,,,,,618
618,616,616,1.1514753999999998,-119.0177,617,P21/c,1.174,-132.7049,,,,,619
619,617,617,1.1800028,-119.013306,618,P-1,1.1417,-129.6882,,,,,620
620,618,618,1.1783299999999999,-119.0038,619,P21/c,1.1957,-124.7109,,,,,621
621,619,619,1.1571444,-118.9947,620,C2/c,1.2021,-125.2028,,,,,622
622,620,620,1.154077,-118.9944,621,P-1,1.1732,-126.1792,,,,,623
623,621,621,1.1715229999999999,-118.9871,622,Pna21,1.1746,-123.383,,,,,624
625,624,624,1.1570097,-118.9845,625,P43212,1.1485,-125.1219,,,,,626
626,625,625,1.1779082,-118.9702,626,P-1,1.2159,-128.7687,,,,,627
628,627,627,1.1540062,-118.9562,628,P43212,1.1485,-125.1184,,,,,629
629,628,628,1.1816723,-118.9518,629,P21/c,1.1807,-133.3435,,,,,630
630,629,629,1.1714076999999998,-118.9372,630,P21/c,1.1679,-129.735,,,,,631
631,630,630,1.1882663999999998,-118.9232,631,C2/c,1.1528,-124.8265,,,,,632
632,631,631,1.146382,-118.9223,632,P-1,1.1658,-130.7553,,,,,633
633,632,632,1.1672076,-118.9187,633,P21/c,1.2631,-141.2206,,,,,634
634,633,633,1.178652,-118.9169,634,P21/c,1.1759,-123.4435,,,,,635
635,634,634,1.1637983,-118.9166,635,P-1,1.2012,-124.3157,,,,,636
636,635,635,1.1464411,-118.887,636,P-1,1.1845,-126.2557,,,,,637
637,636,636,1.1510665,-118.8739,637,Pna21,1.2243,-124.909,,,,,638
638,637,637,1.1532809,-118.8722,638,C2/c,1.2034,-133.5136,,,,,639
639,638,638,1.1805778,-118.8527,639,P-1,1.1921,-123.9713,,,,,640
640,639,639,1.187949,-118.851,640,P21/c,1.1696,-127.9139,,,,,641
641,640,640,1.1786088,-118.8472,641,P21/c,1.2051,-135.7411,,,,,642
642,641,641,1.1637864,-118.8337,642,P21/c,1.205,-124.7958,,,,,643
643,643,643,1.1527498,-118.8156,644,C2/c,1.1963,-133.9753,,,,,644
644,644,644,1.1138974,-118.8065,645,C2/c,1.2115,-118.9816,,,,,645
645,645,645,1.1658005,-118.8029,646,P-1,1.2044,-138.8992,,,,,646
646,646,646,1.1837243999999998,-118.8023,647,P21/c,1.1483,-125.1088,,,,,647
647,647,647,1.2036242,-118.7981,648,P21/c,1.2154,-130.3144,,,,,648
648,648,648,1.1799875,-118.7934,649,C2/c,1.1579,-127.316,,,,,649
649,649,649,1.178159,-118.7791,650,P21/c,1.1997,-126.0739,,,,,650
650,650,650,1.1500548000000002,-118.7788,651,P-1,1.1544,-135.8,,,,,651
651,651,651,1.1844221000000001,-118.7757,652,P21/c,1.1834,-132.3572,,,,,652
652,652,652,1.1500561000000002,-118.7731,653,P21/c,1.1905,-129.1351,,,,,653
653,653,653,1.1917247,-118.771,654,P-1,1.1993,-129.6173,,,,,654
654,654,654,1.1812532,-118.7664,655,PBCN,1.2041,-131.9504,,,,,655
655,655,655,1.1657106000000002,-118.7623,656,C2/c,1.1877,-133.0096,,,,,656
656,656,656,1.2035115,-118.7564,657,P-1,1.1654,-127.7386,,,,,657
657,657,657,1.1371632999999999,-118.7469,658,P-1,1.1793,-131.8994,,,,,658
658,658,658,1.1530501,-118.7467,659,P21/c,1.2459,-137.8763,,,,,659
659,659,659,1.1273608,-118.7464,660,P21/c,1.1728,-130.8177,,,,,660
660,660,660,1.1843038000000001,-118.7443,661,P21/c,1.2036,-128.8897,,,,,661
661,661,661,1.113608,-118.7291,662,P-1,1.1491,-123.6157,,,,,662
662,662,662,1.1531883,-118.7286,663,Fdd2,1.1834,-128.6486,,,,,663
663,663,663,1.1501757,-118.7226,664,P21/c,1.1698,-128.7807,,,,,664
664,664,664,1.1834812,-118.7225,665,P-1,1.1765,-133.4708,,,,,665
665,665,665,1.1536058,-118.72200000000001,666,C2/c,1.1918,-125.4356,,,,,666
666,666,666,1.1618963,-118.7051,667,R-3,1.1895,-130.4764,,,,,667
